run_datetime_utc,run_slot,published,source,title_en,url,newsworthiness,suitability,composite,article_type,source_tier,type_tier,keyword_tier,top_keywords,filter_priority,combined_score,rank,briefed,title_vi,brief_vi
2026-06-03T07:37:11.160747+00:00,pm,2026-06-03T02:05:55+00:00,Scranton Times-Tribune,"Argentina’s Messi, Portugal’s Ronaldo and Mexico’s Ochoa highlight final FIFA World Cup rosters",https://news.google.com/rss/articles/CBMid0FVX3lxTE5Pdnkweld6ZmtOdjVtZ1o2UTNLWTQ2VjRVbERQanJ5Wnhkc0RtWVJubEx6Sjl5QmFMZU5ZMDdfcDlOWnpaTTBWWWdxZDEtOXZGYzc3el9oTXhpRGFFaDl3Y2JPNnBuT1AyOUYwRkJOZjhKYXB2c3hj?oc=5,9.0,10.0,9.4,breaking_news,,1,1,"Messi, Ronaldo, Argentina",0.7,0.868,1,True,"Messi, Ronaldo và Ochoa góp mặt trong danh sách World Cup","Các ngôi sao hàng đầu như Lionel Messi của Argentina, Cristiano Ronaldo của Bồ Đào Nha và Guillermo Ochoa của Mexico đã chính thức có tên trong danh sách cuối cùng tham dự FIFA World Cup. Đây là những cái tên nổi bật nhất được công bố."
2026-06-03T07:37:11.160747+00:00,pm,2026-06-03T06:03:56+00:00,Al Jazeera,Messi trains alone as Argentina hold first World Cup practice session,https://news.google.com/rss/articles/CBMisAFBVV95cUxORWxaX1ZsUjRTWG1MUEZIT2E0OUpHdXlvbUlGWnJMMVlzMHJMVjhibFJ1aHZReWpvajNMeUx0WGhpQVV4aFhoLUluWVgxRmFMZ3hLTUpFUzlnUVM5dkViMkpEcDNmaEhhV3J5blpwRjFlQ2ItUkMxamRsUUh1dG1IQVBPVWdJTTZ4RFhHM0ViYnVyOWU5cDYtcm1MWVQyeExuQnNsNjB6VmcwcjVPR19UUtIBtgFBVV95cUxOWkNYNXZUVmxUQjZ1OWJXeER1SjdOcmNpUEd4NUpXRV92UWVKT0FzcFowNTJpWDYxU3JuSEJUaFpURUJ2UXZYVEJfcjY2QTVFU0JlemVGRHlwcU1ETjNjaVFFSHQwc2Iyc3VRcEVVTkVaNVdHNDJXMV9qbGJvVDVHUWFiYmM1Z2czSC1HeThOMzJONGVPaXp5eFI5TFJPTlI2T0ItR1FDX3J6dTRhQU5BMTBlRjgydw?oc=5,8.0,9.0,8.4,breaking_news,,1,1,"Messi, Argentina",0.7,0.798,2,True,Messi tập riêng trong buổi tập đầu tiên của Argentina tại World Cup,"Lionel Messi đã tập luyện một mình trong buổi tập đầu tiên của đội tuyển Argentina chuẩn bị cho World Cup. Trong khi đó, các đồng đội của anh đã có buổi tập chung."
2026-06-03T07:37:11.160747+00:00,pm,2026-06-03T02:55:39+00:00,NDTV Sports,Lionel Messi To Retire After FIFA World Cup 2026? Argentina Coach Gives Clear Response,https://news.google.com/rss/articles/CBMi1AFBVV95cUxNY2ZxdGMwdWR6azNabkxzbUxyMWw1WWVad0hBZlppejZqaWh6U2hMMVlIMVg2dm9FYU1pVGk2dmxiMlJvOF9UcWpvalJHMGx0NEJpZ1NMdXVBdzZLeTc3ejd1SXNjOURWZDVFZDY3X2dFY3RHaDU2dkRHVnNCNGN4SGgwcjlLS25WbVRzZS05OE9wamlvM3MzM244aWktM2Z5RHI1b3VscnpkM1dsUnFuZ09mQXA0bTNnTTBwekh0bEpzOWhwVXVPMzJfcVFVMERRajhjRw?oc=5,8.0,9.0,8.4,interview,3,2,1,"Messi, Argentina",0.65,0.783,3,True,HLV Argentina phản hồi về tin Messi giải nghệ sau World Cup 2026,Huấn luyện viên đội tuyển Argentina đã đưa ra câu trả lời rõ ràng về khả năng Lionel Messi sẽ giải nghệ sau FIFA World Cup 2026. Thông tin này đang thu hút sự chú ý của người hâm mộ.
2026-06-03T07:37:11.160747+00:00,pm,2026-06-03T01:26:00+00:00,The Guardian,‘The ball won’t roll’: Mexico’s striking teachers threaten to disrupt World Cup days before kick-off,https://news.google.com/rss/articles/CBMihAFBVV95cUxOa1hNVXBDcXYwU1NMYl9aN1MtT2s2NC1wMmJJdnZIbFFXVFIyT25pMW5MRU9Wek8weHBIVGJ5WDJ1LWtLMWdHak9zM2o5WWRqcXp6d2dzWDhuQlJCUHNyUzNTTnllQVJHU0NoQ25XNWVpWFBFV0FwdjZzbVgzVHM0Z0lrMnM?oc=5,9.0,8.0,8.6,breaking_news,1,1,,,0.6,0.782,4,True,Giáo viên đình công ở Mexico dọa phá vỡ World Cup,"Chỉ vài ngày trước khi World Cup khởi tranh, các giáo viên đình công tại Mexico đã đe dọa sẽ làm gián đoạn giải đấu. Họ tuyên bố ""quả bóng sẽ không lăn"" nếu yêu sách của họ không được đáp ứng."
2026-06-03T07:37:11.160747+00:00,pm,2026-06-03T03:13:57+00:00,Sky Sports,"World Cup 2026 squad lists: England, Scotland, Brazil, USA, Spain, France, Germany, Netherlands, Argentina, Portugal and more",https://news.google.com/rss/articles/CBMi_wFBVV95cUxPenEzYW1wbXB0enhqc2tNY1NxVHBBc2dWY3YtSVplanFqTk5VZ1NqVW56VnpWeE91djg0TDVyWFVITTBZcGNkdU4zemo5TnVwZFhPNzhSU3EtV2kxVU8zZHNZYTVkNUdZZDVyZDNJZEpsT3AyeTBQT1Q0bmxnV3FzcHM1UnNUamZRZHJVR3RaejQ5Qi1Jb3JKbDJNQ3c2LXYxUXY3U2lCcjNOQVhQYWJmb0Y0MkFObjBIZlJxSUhNTm80RzlibG1UN2ozWWR5SThwdkJMdG5UMHF6S3NNUnpDWkg0X0FaVVFIcUo3M2dyRlY1MlRhX0l6YWZxNzB5cVU?oc=5,9.0,9.0,9.0,roundup,2,3,2,"Brazil, France, England, Argentina, Germany",0.45,0.765,5,True,Danh sách đội hình World Cup 2026 của các đội tuyển lớn,"Danh sách đội hình tham dự World Cup 2026 của nhiều quốc gia đã được công bố. Các đội tuyển như Anh, Scotland, Brazil, Mỹ, Tây Ban Nha, Pháp, Đức, Hà Lan, Argentina và Bồ Đào Nha đều đã chốt quân số."
2026-06-03T07:37:11.160747+00:00,pm,2026-06-03T03:48:08+00:00,Sky Sports,Full 2026 World Cup schedule by day,https://news.google.com/rss/articles/CBMihgJBVV95cUxQOFF2YnY1VWhyXzJmQV9mNHFDTnNBdXFPOHVpSmk1dkRGMjVDVFVJSjNFdWdnR0hlZS1qclB6bGlQSnl5U2pURjBQZ1VKWk1uOWdPSU1kYk9IOVJIdWw5ejRsUlpYRkZrQms0SmxmZllqTUVFRGt6NWE5TjFXQ0pFNFFMQ2k1WG5KSEFRTnFIYWc3ZUFSemNGVTNLelNiUUN2dnRSOW5fWUJTdlVDUTU2OVhuMHFuZFFwbFdsWDhlM2RESFJld0NaWm1DM3RrbjZUZXZIQmZwclBhMnd1OHRPcE1WZ1FjX0htU2M5UXFzdndxc2ZUOS1ic05CY0ZxUmcxNW1oZkVB?oc=5,9.0,9.0,9.0,preview,2,3,3,schedule,0.3833,0.745,6,True,Lịch thi đấu chi tiết World Cup 2026 theo từng ngày,Lịch thi đấu đầy đủ của World Cup 2026 đã được công bố. Người hâm mộ có thể theo dõi chi tiết các trận đấu diễn ra mỗi ngày.
2026-06-03T07:37:11.160747+00:00,pm,2026-06-03T03:02:07+00:00,NBC Sports,"2026 FIFA World Cup Schedule: Bracket, matchups, dates, locations, groups, results, how to watch",https://news.google.com/rss/articles/CBMiqAFBVV95cUxOMnk2NHVKcVFqX201MmhpQ3prTDY5QXB6OTdSZlFLcHRnSllYMlVZRGd3MXpPZjJrMGl5Z01Sbmc1d1BFa3NnekdXWTV0OEE4WGZxcVRtN0luaWtwT3Q5aDdSQU91MFU4aGtwZjlHZk1iM0w3Sm4yblhrRVR0TU5WbUV3YkZmNW9JbGhIOW5sbExKSGNudkZ0akpyQkNxRVpTZXhjS3p5M3k?oc=5,9.0,9.0,9.0,preview,3,3,3,schedule,0.3333,0.73,7,True,"Lịch thi đấu, bảng đấu và cách xem FIFA World Cup 2026","Lịch thi đấu chi tiết của FIFA World Cup 2026 đã được công bố, bao gồm các cặp đấu, ngày, địa điểm và bảng đấu. Thông tin về cách xem giải đấu cũng được cung cấp đầy đủ."
2026-06-03T07:37:11.160747+00:00,pm,2026-06-03T02:39:38+00:00,Yahoo Sports,"2026 World Cup schedule: Qualified teams, groups, match dates, fixtures, how to watch",https://news.google.com/rss/articles/CBMi0AFBVV95cUxNV1hHd3NjSnNnWWluMkxPWEUtOEduZWdMWmRnaWxJSWhZU0lxM1ZNY3dSTjREdnV1Z2Fxckhvam93Szgzc09SUVpFZHRiWjBLYVVQWW1qUVpYVU5VZnU5RXllQm8tTlZNNzZEdmx1OC1PR29EMW1SNFc0NTNmZ0xpY2trTTFJMW80VVlGTTg1WnBzU0F4QmR3dFpIbWdHUXJ3Rmo5VlY0VkhrOHUyTG16STROZWNob29yTGV3UkF0U05GcGMwNVBzQXU4TkVvR0pS?oc=5,9.0,9.0,9.0,preview,3,3,3,"fixture, schedule",0.3333,0.73,8,True,"Lịch thi đấu World Cup 2026: Đội tuyển, bảng đấu và cách xem","Lịch thi đấu World Cup 2026 đã được công bố, bao gồm các đội tuyển đã vượt qua vòng loại, các bảng đấu và ngày diễn ra các trận đấu. Thông tin về cách xem giải đấu cũng được cung cấp."
2026-06-03T07:37:11.160747+00:00,pm,2026-06-03T04:04:00+00:00,Reuters,Casemiro says not being favourites at World Cup will keep Brazil on their toes,https://news.google.com/rss/articles/CBMivwFBVV95cUxNNzFwMm9JMGtPcTYxdUdhT29ab3ozWFJxVHNWQW9KaWMxU1l6bWtLQUdMVWJGME91TUxtQjJaODJ2MjRkNmV2NTBwVHhZcUNzVkw1Q3Q2OTk0bHhoTVlFdVZiNTdNcWVIT1dOM3FvZWdJb2ZidGxJU0ZZMmt3QkJhSzYwS1lHYzBvZ0ZDeWFNZU1vb1FwT1E0NzNFWlVobG5EWE5FdXlSc0J2bVpUYjVicGJnSmE0aThpTDZiUGdtNA?oc=5,7.0,8.0,7.4,interview,1,2,2,Brazil,0.65,0.713,9,True,Casemiro: Brazil không phải ứng cử viên số 1 sẽ giúp đội cảnh giác,Tiền vệ Casemiro của Brazil cho rằng việc không được đánh giá là ứng cử viên số một tại World Cup sẽ giúp đội bóng luôn giữ được sự tập trung và cảnh giác. Điều này sẽ thúc đẩy họ nỗ lực hơn trong giải đấu.
2026-06-03T07:37:11.160747+00:00,pm,2026-06-03T03:08:47+00:00,Football365,2026 World Cup squads in full: every player heading to North America this summer,https://news.google.com/rss/articles/CBMiiAFBVV95cUxPU1JsQS15V0JwYUpZOUljbjdmYjhGTEh4NDh2VG1fZkVZMzFNRnlfSWhzcFl0TVQ3ZzhmZWE2SUZ1Tm11Nk1PZVI3SE5Dd2FZUG9zcFZJUmw2X1FpZEZzMWpLSnFPWUdZRUk5aXUyVGVadzd1ZDlCc3hvalpnYWZtUmtOMnFVTXhk?oc=5,9.0,9.0,9.0,roundup,2,3,,,0.25,0.705,10,True,Danh sách đầy đủ đội hình World Cup 2026,Danh sách đầy đủ các cầu thủ sẽ tham dự World Cup 2026 tại Bắc Mỹ vào mùa hè này đã được công bố. Mọi cầu thủ góp mặt trong giải đấu đều đã được xác nhận.
2026-06-03T07:37:11.160747+00:00,pm,2026-06-03T02:29:24+00:00,ESPN,"2026 World Cup: List of squads, players announced so far",https://news.google.com/rss/articles/CBMirwFBVV95cUxPUm8zdjIzTXlLbnpKbS1XMUFtMUJCeFh2Y1VkLXRXUXdlanhvTkItVEZEbENRZ1hWbFNHaFAtMjhQcWNsWFhmaDA1NUVKUHBBNDBFLWZueXowVnA1UXoxaEVsYmlxMUE2VzNaM0g1V2FEOTJtX0NsWDlHZHk5bFZpajByVXpGMktIM0pHdzc5azNjNEh6TDlDeENjUjVlWWZRYlNCWjgxNGlmTmlvandZ?oc=5,9.0,9.0,9.0,roundup,2,3,,,0.25,0.705,11,False,,
2026-06-03T07:37:11.160747+00:00,pm,2026-06-03T07:02:26+00:00,India.Com,"FIFA World Cup 2026: When and Where to WATCH Brazil, Argentina, France, Portugal, Spain, full schedule with I",https://news.google.com/rss/articles/CBMihAJBVV95cUxPSDFYbjlMYkJPZk81d2p6NEd1UGlnaHZNUEFnaDZPLVpVYUlGVEZ5VjJldy1wczFtZWt4MWwxTHIyS0txVFN6YUViRFVTOWtfM3NZOVE3VUxJZ1Z4aXowTEpvejI5VS0zQVN1SnBXNURXX0JLanJwbjJPSUpTajJpVWIyNWdnMnEtOXhOYWRYZjVnZGYwMTJEOFlCVUpJdFZ5MHdFZmFXaU1oNEY4ZEZRVjVPVGZNZ18wNkNkU3FuaXhSeTJEdS1RT0Q4ZWRoVHYyRXQ0Vmxmb2FKOFlZS242Y1VGUUVheUNJdTR2SWNucXZpMUdJcDEza0wxLWVBSlhzc1NhZtIBigJBVV95cUxQemJ2REsyUkpOYjJqYWJLZnZ2Tm42T2tpbDZyYWlFeVBWbm5iNDJ3aE5FZ0NpLVl4LTVISUhvZi1IYUMxY2RoRjdrYmZja0lmejlVeFJMRkhOd3ltSHo1elRjYlA4bEE2Z185blpOZ3hjaWFMU3FPRk1Sak41ZElXTlM0ZWNjYmZadi1aYnVMMVNGZ0RWZ0xvSkt2TnhEeG1UU0NBcTNxaXdkeVpwYUlYOHBWbE5RcmFVdVV2S1p5aUZHUjFQcW5ydGh3X1ZoYVN5N0Vzc1VQQTg3WlZTRGFLaEJBSjdWbU9icGF2eTlnaUtKMHJ6LTVPRHVEUlBPUmpWai1vZVVuUVlYdw?oc=5,8.0,9.0,8.4,preview,,3,2,"Brazil, France, Argentina, Spain, schedule",0.3,0.678,12,False,,
2026-06-03T07:37:11.160747+00:00,pm,2026-06-03T04:45:31+00:00,Sky Sports,"World Cup 2026 news and live updates - USA, Canada and Mexico build-up plus latest on Trump, tickets and fans",https://news.google.com/rss/articles/CBMi-AFBVV95cUxOay1vMlA4d3VvMTlLUVl3b1ZUXzJLWFVaY1JxZ1hxMVI4VlJoRGEyZEd6aFVxM2EzYjlsdDdYX3JaYWJrSTFsQlUxckJadzN0ck9od01McEFheUJJVmMtXzZRQUZwTkU3Q2pvbXNfelp0ak1UVWlqOWtXNGl3azR4MVkyMXZUZ01STFlqQ3VfS3FWN3NIVHhhY05YdFo5QVptcjgzNEFUb2VLeUNBYnl4YjNPWDFIQmtzaXdTcVFqaGFEVExOSURhd19ab1BrNGxBV2lIZlZuajdwS1dZcE0zaVBwMHBnSXZ2X0dsTEdzcjBDQUV6TWtiZg?oc=5,8.0,8.0,8.0,roundup,2,3,3,ticket,0.3833,0.675,13,False,,
2026-06-03T07:37:11.160747+00:00,pm,2026-06-03T02:50:04+00:00,The Mirror,Every 2026 World Cup squad in full as all 48 countries submit final lists,https://news.google.com/rss/articles/CBMihAFBVV95cUxQREgwSzNDQ0doOWZuRVhuQm9USUo2blB1NXdkMTRxZnE3d0tVSGpwekhjSVQ1cXh2bF9MN09hM2tTWm1RYmRKVENhMTdSWWhEOUhXQ05qMmVwaGEwNXR4US10RXdQOFlFOVFlMWc5a3V5cUh4LXBSODh0VmdVMlFnUlZYaXo?oc=5,9.0,9.0,9.0,roundup,,3,,,0.1,0.66,14,False,,
2026-06-03T07:37:11.160747+00:00,pm,2026-06-03T02:21:20+00:00,football360.com.au,Locked in: Every official squad list for the 2026 FIFA World Cup,https://news.google.com/rss/articles/CBMinwFBVV95cUxPaTFjOWU0VzdtOWV0ZDZmMjRvRzExdldha1Q0YUIyQ2VEanpzZHJCaGFwTlpfUmNYbHIxSEM2UG5qZmthYVRySzRTMTBIMHBDMXgzanVleVZWc09KMnJMRTh1amZPQ2k4MlpFMzRYMUcxeFNiZ0UyaDlEZ2ZMVWFuVHFoWnlQQl9ndmpkUUdpelFiVTYtVV9NekNXTEZsUms?oc=5,9.0,9.0,9.0,roundup,,3,,,0.1,0.66,15,False,,
2026-06-03T07:37:11.160747+00:00,pm,2026-06-03T05:22:46+00:00,BBC,World Cup 2026: Who are favourites to win the Golden Boot?,https://news.google.com/rss/articles/CBMiZ0FVX3lxTFA1eTQwd3Y5VXB1WDRmNXViVFZPbVJtdURFR2pfTmVESWlZbk9qdXFxWGh6MU00bG9USTZDS2lRY3gtcTFycU95V3VMRlY2bmFicndJdUVCVFhaQk94blU0SHd0cVo4elk?oc=5,7.0,8.0,7.4,analysis,1,2,,,0.45,0.653,16,False,,
2026-06-03T07:37:11.160747+00:00,pm,2026-06-03T00:09:00+00:00,heavy.com,Is Uzbekistan in the World Cup?: 2026 Team List & Group Standings,https://news.google.com/rss/articles/CBMie0FVX3lxTE9oQ0x4bXVqU05ncmZnb2tIQVMxTVE1UlBFaUVxT2Y0dXNfcVV5ME5uNFNUX2pCNDF5UFMyb2U3aWczemh4V25CUXUwelJNUGN4ZV9SOUNzM0lXaGJOUG82NGNMc0VYZlFNWWV1NW5ka0RGMjRYelU5UXh6TQ?oc=5,8.0,9.0,8.4,analysis,,2,,,0.15,0.633,17,False,,
2026-06-03T07:37:11.160747+00:00,pm,2026-06-03T07:18:45+00:00,Al Jazeera,"Unfancied Brazil will stay sharp at the World Cup, Casemiro says",https://news.google.com/rss/articles/CBMiowFBVV95cUxQdzZtbVlEeWJiY3J6RHQ0MzVVbzhJN2tmc2ZoeDVuaEVOM2lJYmRsWEd4dVRweUtKWUNxRG9nMDlBT2FoVzRPZnlvbThFanJUOTNCeklPeHIyVV9zbThSQlJ1X1lGVEFYS1RwcEx6WElWd3djaDhza0ZoY01pSU1jcTNtWVpxaER5Nl9WckJEWEJzRHZOVEhQRmtaYkd0VDNUS2FR0gGoAUFVX3lxTE01c2Q5bjM1OTJyNk9YUllBV3F1SURXWDhOQTFnUUQwR3FsZXYtQXRwRl9tNUluNDZPRGxucTlndjNoRmthOGt2NmtwNjBCUFRYaEVHT1ZycHoxcG00UzVWZ1dQUWczY015Yjd2QmZXZlRYcnRmMnpmT3VUWFB0LW8xemZTMWtOaVQtSUpaS0RxSHg5Z3h2YlpMSDFJV01UQXJFYU9Ba0tQMA?oc=5,7.0,8.0,7.4,interview,,2,2,Brazil,0.35,0.623,18,False,,
2026-06-03T07:37:11.160747+00:00,pm,2026-06-03T00:03:00+00:00,New York Post,Ex-Arsenal player Thomas Partey joins Ghana World Cup squad despite rape charges in UK,https://news.google.com/rss/articles/CBMiqgFBVV95cUxNbUQ4bW41UFFIOG1uT3BNbDc4dWJ5cDFNbjFuQXdwNFVFMTh2NGtsQnJrUXhwc2Z4dDFoRXNvU2dUYzVwd3A5aEhhTzlrR0hJVVp6WW5ZTXMyX0pwbHFjbE1VeDAwc200dWJxRnhmNGtkNzhKc0ZRM0FVZU9PTnBoRm9iNXBhaEdaYjhFWmpmU25SMEswbzkxbnZqVmNvQXhWbTNkblBLZTFyZw?oc=5,8.0,7.0,7.6,breaking_news,,1,,,0.3,0.622,19,False,,
2026-06-03T07:37:11.160747+00:00,pm,2026-06-03T06:30:00+00:00,Independent Australia,Beneath Mexico’s World Cup host city: A crisis of forced disappearances,https://news.google.com/rss/articles/CBMixAFBVV95cUxQVnRqQ0xJTjRFdXpORmdqMTh1Qld5WVJrUmpRdXRUbVFZNHhObjRBX2N6TXpHSW15WFlCaVZWeERVYWlLQUN5U3dkSjVSX2NVTnptcktqZ2VIV1ItaDd5allaNXV5Yzl1OXVZUHhyeUs1OWFLVkR3Q2FnM0VoU3pjdS1Nb2hLMUtCLVJiR2JoWnhqaU1ZNFJsSmgyLVUwM0ljc1ZMc0VNR2NRbExXRzdJQlpXUVZ4MVBuM1RsQU11UWR6eUc4?oc=5,8.0,7.0,7.6,analysis,,2,3,host city,0.2833,0.617,20,False,,
2026-06-03T07:37:11.160747+00:00,pm,2026-06-03T02:46:13+00:00,NDTV Sports,FIFA To Use Enhanced Offside Technology At World Cup 2026. How It Works,https://news.google.com/rss/articles/CBMiwAFBVV95cUxPVDlvbWN4Mi1ucG1iVWdKY2Fxc2RLTm9UN191MjdBSF85TTEyYUFPSER0YzNHNXdvYnZvRHU0bW1wcnBSZFRMbEdnR2FaZ3dQaFF3MGtSQS1qQTRyQmJpM0RsTHpFaUtua0ZHTWdoZjZBSUtvSXJHWFNYcEZXY3hvNEhvTXZ5QkdfbXZqQWV1NkNLSHdJRktZLW5keHBwbGV3R2xtTTRNRlZxdGJwRWg5aHFkYnJ5UDAwUTA3c09HQkk?oc=5,8.0,7.0,7.6,analysis,3,2,,,0.25,0.607,21,False,,
2026-06-03T07:37:11.160747+00:00,pm,2026-06-03T03:24:53+00:00,FOX Sports,4 Players Who Could Steal The Show At The 2026 World Cup,https://news.google.com/rss/articles/CBMipwFBVV95cUxQekxXX0lLVF9qdDk3b19oN1ppTm1vcUZEUDVDamw2ZWhybW1STUxZMEZIbWdDUnd3cXVQMDVJakU3ZW41WUtUWk0xLTdBaXdSdWFtUkdEYmVGd3g0XzBDVXlqLXBWa0wwWFhTM1gxYUlMTGljMXpxaUtHcGZFVTVzRE53LWNjZ1F0Y0dXT21sWjZsNXhfc3JWTzZQeWdRVDFVbFFIbW1ubw?oc=5,7.0,8.0,7.4,analysis,3,2,,,0.25,0.593,22,False,,
2026-06-03T07:37:11.160747+00:00,pm,2026-06-03T07:00:00+00:00,Goal.com,"The greatest managerial line up in World Cup history? Carlo Ancelotti, Thomas Tuchel, Mauricio Pochettino and more set to do battle in 2026",https://news.google.com/rss/articles/CBMi5AFBVV95cUxPYUJ5aFp1bV9wSFg5S0ZWYmdJN1VaWjl5NUVyREZDMjBseVA4ZWk5VjBhU3UtVmN4WkpJcE8zc1lNZkV5VTNWdUdDWkRNeFJyV2I4UXloaG1XVS1fSlB4WHp4aksyYUxmUXlyQzA2Q1ZXM0xSbnBfcy1PUnB3TGRNazZXbFgyVmt5RjZsTnQyTWhjSFdXU0VpT2s2TTFfT1I1Mnl6SWgyZldXVW9HXzR6bEpUVktzYThrYk1CY0RIbER5VlNHaGlXbXdBVVh6eUd1V2JYckY4amptS2UxXzVRTHRVTWg?oc=5,7.0,7.0,7.0,analysis,2,2,,,0.3,0.58,23,False,,
2026-06-03T07:37:11.160747+00:00,pm,2026-06-03T04:09:57+00:00,The Indian Express,Will biggest be the best? How 48-team draw changes dynamics of the FIFA World Cup,https://news.google.com/rss/articles/CBMiwgFBVV95cUxNM3FiYVc0V1lHRGZ3MkhncjBpMnFLcmlHeW80OHctRjVvUEZHM25RU2F0a0ROZjIyVkNXSmlTekJObjJNQ2VHN3hqclhNUUlZa2FMOTZHV2lxMGw3NmhlTXAzbml0LV9VRkdxb3pOclF2Mnk3YkxGaTNvSXk5Yk9iRkZSUnV4UEdkSFpIX3lfQ2NLR0w0b1JzSGlXVlZRcXpBLXZlWVlCWi0xM3JuQ08tNG9vSDN5a1Z1cndCS0JTN3MwZ9IByAFBVV95cUxNc094bTlWNlIySm5TZ3NMVThFQjBZTlp5TE1RaFVMT3JUdFdadlNSM1dRRXkyZGN3aEpMNFJ4UUZTMXcxSU5KQUFPRTBHQlJta1g0UEtEcXE0RjJ3OEpSU0tiTnNwMGljNFg5eWtWaWxGRTVsN3pmNjh3WHpwR3RzaUpjNVZDa055N0pzRUdRcVNlcVR4NjhhdW1NcWdSSmNrQVNxdDJUcUVWYzR0cF9mTWFneVcySDdZTHZ5RG5jSllSTmVyTEg4bg?oc=5,8.0,7.0,7.6,analysis,,2,,,0.15,0.577,24,False,,
2026-06-03T07:37:11.160747+00:00,pm,2026-06-03T07:25:31+00:00,Travel And Tour World,"Travel Security Tightens Across United States as FIFA World Cup 2026 Brings Massive Airport Screening, Visa Checks and Fan Safety Measures",https://news.google.com/rss/articles/CBMibkFVX3lxTFAyX1l4ZGRnLU5jTDY5WjZQczdPYWExcDE1bVRQaGRGVXdCNHc5NE1SOHp1LTUzNHZvc3F2T3AtRElFRmlTWlAzNXg5NGFlU0htUjRNd0FpbUpVQ2l1TFZxZktZdG54X0hsMDdwS1Nn?oc=5,7.0,6.0,6.6,breaking_news,,1,,,0.3,0.552,25,False,,
2026-06-03T07:37:11.160747+00:00,pm,2026-06-03T02:59:11+00:00,Gulf News,"US prepares massive security operation for 2026 World Cup, DHS chief says",https://news.google.com/rss/articles/CBMivAFBVV95cUxNZTMzcm53LVk5bldvQnNKczlDY1M1SFVnWC1DQnpxbjRteU9VS3hwNUhuZW1EUWJ5azlxZ0VQM1lDc0RPN0V6M280MVRtNWxDWnh6eTI1a2tQQmhhWnM5UmF3aXQwNDMxLWZPN2RsNGQzWmE3RS1GYURTMFQyQ01xazY0QXJFeVlIQU44NlNqMUkwcVk2ZnF0RExGOXVObENEQ2lfaERHRkFacWM3T0VTQ3lRcmxBaFk0cUdvbtIBzwFBVV95cUxPc3hhRUdqLWx4cDZEdFVQNk11dHNnNnF5YV9RcUpncnB6R3BxMFRDSE9KdWx4Z3E4YmVBX0NLWnVDM1ByYkVUY096ZnJ0LTlSUklnRXczalowVmV6NmdqR3QwNGx1RzkwT1I5blR6TWJzNnRmY3U4cFA3STdWUFVDSVlXRHdLWHZjbTBiaVhMN0N5SnJnX1JXb0tEUDNhbGM2dEtSSEI5U3JwSmsyV3ZfYXdpbjlWWklxVHVlbEFacURXdUpXcTV6QjZSVWk2bW8?oc=5,7.0,6.0,6.6,breaking_news,,1,,,0.3,0.552,26,False,,
2026-06-03T07:37:11.160747+00:00,pm,2026-06-03T04:25:38+00:00,beIN SPORTS,How To Watch: Mexico vs South Africa in Group A of the 2026 FIFA World Cup,https://news.google.com/rss/articles/CBMi6AFBVV95cUxQSGJMTVMzTjhBRkozb0tUa1p3SDgxTWw0cUJyeHhPbzZQekJsYmVheXdGRVlKNlZraTd2RHdrX0xfVXJIbGxBNHpjQWtrMUpZR3puYVMxQm5HcmgwSUFUUEFnUDV2N3N1T2h0bmJ3ZlltLTdBeGI2ZFJudGNvOHhJN0V6UFlkQnBZNGo0bjdwdkszUm9fQUVkSDdVM0s2VFlHR1VsbXE0NlhSYjUwS256NjlTZGY1LWcxRXc4Y3dyYU1DMjQxWF9hQVl6SGdvZWNoTGkzZkNJTEs1WnczalpKcHNqTjd4MWV4?oc=5,7.0,7.0,7.0,preview,3,3,,,0.2,0.55,27,False,,
2026-06-03T07:37:11.160747+00:00,pm,2026-06-03T06:54:14+00:00,Yahoo Sports,Ways to watch the 2026 World Cup for free,https://news.google.com/rss/articles/CBMinAFBVV95cUxOV0t5VFlpbFBWcXJkQlh0UzhYNlgzSl8xUGw2QTc0V05ObUJ1dXotczNsLWlTdmJqWDdqZkw4YThQZkhiZHdSZ3l1RElINm1IUFhtQ2JhcnYxbjFyWms0SXI2Q1BpaE5yYVNXMWhsbEExdU95SW1iRXVDZWJ0OEZ4bzBEMU9FWDhLUWJLSUgySUFKQS1wWkJXeWFKalc?oc=5,7.0,8.0,7.4,other,3,,,,0.1,0.548,28,False,,
2026-06-03T07:37:11.160747+00:00,pm,2026-06-03T05:32:36+00:00,Football London,Full list of confirmed Arsenal players going to World Cup 2026 leaving Arteta's pre-season limbo,https://news.google.com/rss/articles/CBMiiAFBVV95cUxNTkNYaVp6NHU5M2tBZXRQYmtHVU1iTjFCZ0FrTlBDbnh1dkM5M3RCa25kSmNYVEFkUFJOUUxPR0JCeDY4Z3lTaUJLRHF2RmtHWDBENDJDRXpBcWVhcG9XRjYwSXd3VlpKcjhFWlJGcEJ1UDN0a3V5dmRHbXQzcjdOY25ZczFSSkpp0gGOAUFVX3lxTFBIR01oT3NZOElYQ3gwYVp6cWdRN3VhaFNKOTRDdkQ1UUwxVFhhbE81RzEzSW5kVXJDa2NsRzdydW1vSkR4cVAwbUVLcmhqR3l0YXRSaENFcU52dFlDdnlBQ0llTUEwWm5XMXR5Qm1LZVdmZ3ltREdIVVotaW5RWEVoTURxVjBVNW8tUFNNYlE?oc=5,7.0,7.0,7.0,roundup,,3,,,0.1,0.52,29,False,,
2026-06-03T07:37:11.160747+00:00,pm,2026-06-03T07:06:00+00:00,The Guardian,Sweden World Cup 2026 team guide,https://news.google.com/rss/articles/CBMiiAFBVV95cUxPRnF5cTNTWDZiaGJrUmtzVndDN1MtUXBQdDg3NGJmNF8zZ0sxVDFoWWVyMTV0cWltVXJSeGtEZURqQk5TOHptejJEYkJxcDlUUGF4XzBoUzlhOEtkYkFfb2dZdFdCR0Z0Qnc1N0gyZjhQRVNpX0hTdjlRQ1NFR0NUZ0FTNlBnaTh5?oc=5,6.0,5.0,5.6,preview,1,3,,,0.4,0.512,30,False,,
2026-06-03T07:37:11.160747+00:00,pm,2026-06-03T00:15:17+00:00,Climate Central,2026 World Cup Stadiums: Extreme Heat Rising,https://news.google.com/rss/articles/CBMiqAFBVV95cUxOVUoxVXlMSkFIOUdqUzlZVXB3VFdkTzNNRmxVbllITjVNZDhRVDlobjcyN1pBRUxqN0RGTTgzYVpaWXRCbmNrNl9NNVBDa3hyenV5akNtNHl4NHVhYWdMUFpheGUyTUp1RmhORmZ4dHNhVjhqZUF6Z0ZZNzZ4R18wZlpsbUxuUWNFWkNjZWJFdlBrMWhVQ29wTFB4bGVtLTY0UUNrS2QwbGc?oc=5,7.0,6.0,6.6,analysis,,2,,,0.15,0.507,31,False,,
2026-06-03T07:37:11.160747+00:00,pm,2026-06-03T01:08:41+00:00,Sky Sports,World Cup 2026: Scotland squad numbers revealed with Angus Gunn handed No 1 jersey ahead of Craig Gordon,https://news.google.com/rss/articles/CBMi7wFBVV95cUxOTVRwbGVFcWJ5ekIyVXFrZERhZFhfR1Azd0NTa0FHZ0xVeVRoSWVGay0xTDhxNVdzeDRrQnIzd1JFaXVaSU03bVY4a0N4QUZOQm43MVc3ME04Y2JMbmZQZkdrVnk5MUQybnRMVXJvNDlHandtWjBzV0R3WVREQ3BISE9Ydk9KaXh4a3ZVdS1pV0pKemVIXzlvSmdZd0ZZdVlSNVl4MjlmZU9JQlJhUHVDQXYzUFZmdGZ3WkltbDJhblY5U2RDX1Z2RzA5OHhjcU9YdXhjVTZPZGs1S1U3VTBhWHZ4MUtmODg1Q252eEh1NA?oc=5,6.0,4.0,5.2,breaking_news,2,1,,,0.45,0.499,32,False,,
2026-06-03T07:37:11.160747+00:00,pm,2026-06-03T06:03:28+00:00,The New York Times,England’s Group L opponents Ghana are more World Cup-ready than you might think,https://news.google.com/rss/articles/CBMilwFBVV95cUxNUDFwdVVWRmlDSEc2QmhOenFJRjJ4VDRsT25WZkxTNVh4dUhKNDctbVFXSTNadkZ1dU84em9JM1VRNzlwSkF1RllZZGFESXp0am1NZzR4YzJJcllkNmhvd3RGVVhpZVhISlJzczBsdWpiS3JscVBzQ2hQS19Td3Q0WVpRZUIxVnhjZWdWazFuSWtlakZuSzdr?oc=5,6.0,5.0,5.6,analysis,,2,2,England,0.35,0.497,33,False,,
2026-06-03T07:37:11.160747+00:00,pm,2026-06-03T02:34:51+00:00,Goal.com,"How to buy Curaçao World Cup 2026 tickets: Dates, fixtures, prices & more",https://news.google.com/rss/articles/CBMigwFBVV95cUxNQ3hpeTB1dVE3RXhFYnhlLXpnN0lQWUVPN0dfRkRUZmlWRk92Tlg1Y0xQWlhGMm1DRnQ2LXh1anE1X1RWRDRDVmdGR0NQdzNYd3hpd1R1a0o0WHA5b0JhV3ZxbU5fOU5MMUdydnhxUThCcW4yNDBvdUdheTdCWkdEQzYtUQ?oc=5,6.0,5.0,5.6,other,2,,3,"fixture, ticket",0.2833,0.477,34,False,,
2026-06-03T07:37:11.160747+00:00,pm,2026-06-03T07:00:24+00:00,Euronews.com,Seattle: A World Cup host city travel guide,https://news.google.com/rss/articles/CBMingFBVV95cUxOQXZDVWJHTzRVdU9zZlA0UUFZQXc3aERURFktOExVbDQ5alJPVWREQlRscEpVQW00RkZIS1h6MUNQYW9XSFU1Y1NObHQ2M1Z2cE5mWHNwZTlMaVhIMm9Vb3dETVd4akszbVBHdVJCclhlU2lUcHc4TUVQTXpRV2tVRGw4X1RoM3djQmJZSVlQTUJXMlRGalF5d0xkdk1Cdw?oc=5,6.0,5.0,5.6,feature,,3,3,host city,0.2333,0.462,35,False,,
2026-06-03T07:37:11.160747+00:00,pm,2026-06-03T06:45:00+00:00,Ratopati,2026 FIFA World Cup: A Unique Tournament Across North America,https://news.google.com/rss/articles/CBMitwFBVV95cUxPTWxDb2tzN3Nvb2I2aGN3Q1N5S2NBMThzd29xNTB0dXUyU3RlVG5jd2JjNElfbXgxcjZuQUdDMEJubDFOTGFrWDJpVUd4OF94WFgtVlN2cFN1QndQa3BSQ2l4ZURvUDB6VWYwNElQUUE4TEloZG9tZTFvci1vZzFPN2xDWlZRLUdVUVM3d0pOUEJmQVc2TFNlaVFCekhnbjJLSGV6UWZRd0VuWlF4S0JmbmppakVBVFk?oc=5,6.0,6.0,6.0,feature,,3,,,0.1,0.45,36,False,,
2026-06-03T07:37:11.160747+00:00,pm,2026-06-03T01:52:00+00:00,USA Today,2026 World Cup will have record number of MLS players. See the list.,https://news.google.com/rss/articles/CBMipwFBVV95cUxQQ3NuLVZXZzU3ZXdWWlhhVWF3WVdBazVCaHEtTmg1S2NzV2JhZ1dzbE9WUVBKbldRR0FyZUw1R2tycUlaN0t2cjJ6bHVuUFExQlkzNVV1aUJzTThUMDVWM1Fnb252OTlVT0lvam9BSWgxczVXdGVxamtrRVBFcHRFbkRET01iRzlYanZPdzV2c1pIZ3ZHMk1vb3hBY0RMcFQ1QnplV01BRQ?oc=5,6.0,5.0,5.6,analysis,,2,,,0.15,0.437,37,False,,
2026-06-03T07:37:11.160747+00:00,pm,2026-06-03T00:55:00+00:00,Axios,Why Chicago isn't hosting the 2026 FIFA World Cup,https://news.google.com/rss/articles/CBMirgFBVV95cUxNR2pKYjllZ2x1RXJDWno3YVV1aVlmNm1UMnVfNV92S29nTWtwTkFTVUpIN2c3azVuRXhTMC1ISi1NYVJidE44TldsRjB0WElTb3A4VEpoM3hKX1JIZWpkdzN6ZEFJSmY2OXBhWG5XdlRDQnZUdHMxcjViQmRSSURQVjBHMVRHR0kwNTk5dy1TSnRlaHZlOEwwOFdNZ203bE5ua2p1aGprR20xYm9wSHc?oc=5,6.0,5.0,5.6,analysis,,2,,,0.15,0.437,38,False,,
2026-06-03T07:37:11.160747+00:00,pm,2026-06-03T06:59:00+00:00,Yahoo News Canada,San Francisco Bay Area: A travel guide to the 2026 World Cup host,https://news.google.com/rss/articles/CBMiekFVX3lxTE1JZTdFbEY2Rm54Nko0YVowV2x6RExBN3o3RTByX1l2MFAtQmtsZDhuTFVoeFU2LU0zQnU4QWVsb3lPVFdmTHk0aS1ESHdnNERxNEJTUmpyeXhkM3FZd0NpVV96ZDNHcHJ0MXQzcXB6aklTUGNlRmozaWdR?oc=5,6.0,5.0,5.6,feature,,3,,,0.1,0.422,39,False,,
2026-06-03T07:37:11.160747+00:00,pm,2026-06-03T00:14:10+00:00,The Mercury News,"Same stadium, new name: Why World Cup venues are getting rebranded for the tournament",https://news.google.com/rss/articles/CBMiwAFBVV95cUxPOVpZUkV4aTUyVm5HZGhxeTZlUlV5OHZWWkw3R19BVEg4UHpBU3Q1OUR3QjVCVVFiNWtvMTJGWDdpdVNxQnFJUmNpQnJrQWhLNWlhYWtVN2NDOTVETklFbzJZMmtIMXlPT0lLSVkzMmhqNW1xdWJnemdoZDkzZHNGbTIzUDdXTG1sdVhweGFkZG1nWUhFWG4tTC1vdThPa2s1WE9zNU9mOWRFR1pLUWhrZ1p2RFczRFM3OFpIRHZrd2XSAcYBQVVfeXFMT3dDei1RUS15T1pWNGNMQnd3RTNSWi0yTU5lNklEZmFhTjRVYUFLaDFQSktxQVBhdkJpaWN5cjhvZy1ZZnpSemltbFluZjkyb2dqbThSRXlZbnhpaXdTRlRoYklaT0JVZXoxR2xzazlJZHpEUmo5RHV3SDNlSUE5SnNJRE9tTm9jWDhxR3dSYmxZRjgtbWZJbDducnE1b3dZMFBBblVjOW0zN1pXWHVoUkxoMENOR3lxcFBpeXRWTWxmazRyMDlB?oc=5,6.0,5.0,5.6,feature,,3,,,0.1,0.422,40,False,,
2026-06-03T07:37:11.160747+00:00,pm,2026-06-03T02:26:55+00:00,Stuff,All Whites suffer worst loss in nine years in first FIFA World Cup warm-up match,https://news.google.com/rss/articles/CBMisAFBVV95cUxPWnJIWlVhQjJwanVSamtZX1dRU09Ka2dvY2pSNnpidVNYVnZ2bEZQcTZpblBfcjJNV2pXeWl4YXhjYW1yRHgtbFlIZFZEeHdSUDFkajc1eWFrc1p5QVF3aGZJTmgxeGJZQXJkOUhnSmhONy1uT1Y1XzhUY0dxUllkV1cxRUJsdGhQNjF1MmdKbkRyWlZfN1dkYmdTX1AyYTNrcUNWUzRocU5EOTR3NEp1ag?oc=5,6.0,4.0,5.2,match_report,,2,,,0.15,0.409,41,False,,
2026-06-03T07:37:11.160747+00:00,pm,2026-06-03T06:03:00+00:00,Yahoo News Canada,You can’t miss these: Best World Cup 2026 squad announcement videos,https://news.google.com/rss/articles/CBMib0FVX3lxTFAtYVprMEpBV0JNUUlBYzNzOUdFM0pTNzdPdC0yVUR2enVzcm9qWXItOVpWVlJyWVdzeXdldndSZFQ3NjJKcWtoQTNNZGV1VGpGbEFVeVlZY0dFdnlXZFZYUHQxaUtERnRYWjJocTBzZw?oc=5,5.0,6.0,5.4,feature,,3,,,0.1,0.408,42,False,,
2026-06-03T07:37:11.160747+00:00,pm,2026-06-03T06:02:25+00:00,Euronews.com,You can’t miss these: Best World Cup 2026 squad announcement videos,https://news.google.com/rss/articles/CBMipwFBVV95cUxOS3h6LVpYdW1IWk5rY21rclpjdEdUZnRwNFRUcXBSMlZ1RVV3R010TVRYanZCT0lHS3ZDdGZ5MmFYaWtOX0xoZU1tY29Jcnd6U0tQdDloeGdNZldFa0JfWGZ1Szl3X0RwS3NiSEdaMDUwdllsR3VBWXVNRGQ0VEVTQXcybXBEXzVBUGZzd25YUkNiRjl5ZnNSNnpaWXVybnhqXzJZaUVBbw?oc=5,5.0,6.0,5.4,feature,,3,,,0.1,0.408,43,False,,
2026-06-03T07:37:11.160747+00:00,pm,2026-06-03T00:52:15+00:00,football360.com.au,"The youngest, oldest, tallest & shortest players at the 2026 FIFA World Cup",https://news.google.com/rss/articles/CBMirwFBVV95cUxPVW1CeUZiU0RhbTBkcF9Hd3pOS1ZyRlo0TElvb2lEdExlTW1lanhBUnlobnJsNTkxT3REaHlRWDFXVXVwcWFRZ191a05fWjN2cXhKalBvc3MtdVd1b3NEbEZzZXpnUlBuSkg0OENxUTQwRkMyTmRZM1l4Zi1sVUhDS3JuQU05Z0hfQnliMFBZUGNlWHJNTFktblRpV2hHaGQ2bHg1T3l3OFNyUWRHeF9F?oc=5,5.0,6.0,5.4,feature,,3,,,0.1,0.408,44,False,,
2026-06-03T07:37:11.160747+00:00,pm,2026-06-03T01:35:00+00:00,Newswise,FIFA World Cup 2026 | Newswise,https://news.google.com/rss/articles/CBMiY0FVX3lxTFBiQld6aHVWUG5jNHVTNVZpdmM4cEFpQzVjaF9RYTUzZXFVRC1GdGZoS2RwZGI1QkJDY3VxTHl3OE1ob0RSVHI0SWkwaGt1ZU5sYWpTcERlZjluRDMzQmZqSTNJMNIBY0FVX3lxTFBiQld6aHVWUG5jNHVTNVZpdmM4cEFpQzVjaF9RYTUzZXFVRC1GdGZoS2RwZGI1QkJDY3VxTHl3OE1ob0RSVHI0SWkwaGt1ZU5sYWpTcERlZjluRDMzQmZqSTNJMA?oc=5,5.0,5.0,5.0,other,,,,,0.0,0.35,45,False,,
2026-06-03T07:37:11.160747+00:00,pm,2026-06-03T03:26:42+00:00,Hypebeast,McDonald's Kicks off 2026 FIFA World Cup With Star-Studded Meals and Collectibles,https://news.google.com/rss/articles/CBMi2gFBVV95cUxPeGVITjg0S2JwcjE3OWd5SndZbUF3aDl3QkRWLWJCNmI5eFNfaDEybDBZUUFvUjZ1dHEydjIxV0x0T0dQd3hYZlF2eFVCel9wbG9jT0ZUTm93NXA2eC1Kc2FhMG9PZzhDY3hQdE56amR4aG96LXdqT0djVTYwcGtWanREUWtwU0thOUVvQmo5aHJFRlFYbFJEdnl4RlJXMktYdElfMzBZWUxPTDZRaUlVZXBiSWd4MXI4OHBkUXV2a01qTHJMUkkxSTFWX1Q4SEh6U1V5UnFCcEFEUQ?oc=5,4.0,4.0,4.0,other,3,,,,0.1,0.31,46,False,,
2026-06-03T07:37:11.160747+00:00,pm,2026-06-03T00:46:00+00:00,Daily Hive,Giant Canada flag unfurled on Grouse Mountain ahead of FIFA World Cup,https://news.google.com/rss/articles/CBMilAFBVV95cUxNYkp2OTFRZzNNRU9kVzJ0ZFBYV1pqWWp0WnR3dk50cm43TlhLUGdHRUtLb3RvZHRnU2Q0eVlITTZmeDlpbjJ6cDBUSldvWUJqdHpNM3VyazA0RlkwOGlDcjRiMkVKZFRwSVVjcmF2SEMwbmgyZVgxcVlpOUdUVmRPdE43SGotQ3FoUVJBS2kxcU1hWE5D?oc=5,4.0,4.0,4.0,other,,,,,0.0,0.28,47,False,,
2026-06-08T02:25:15.013388+00:00,am,2026-06-07T19:48:56+00:00,Reuters,"Brazil lose injured Wesley from World Cup squad, call up Ederson",https://news.google.com/rss/articles/CBMirAFBVV95cUxOa1F3SHZxUTBQeC1KX0luQ2dSMW1XMHlWeGdOTGI0cE1Oa1FqZEl3YjY5cDQyYWl2U25iUDFlcnM4Z3RQZ3duRk44aGtfdm9SRFFqaTJBQWtMUzV0NFFkX2pCN0l3bXp1dVRmZ3I3V2IzMy1ZbTM3UUEtZkJjMzJBT2J3aFE2bVFRaXBxM0lzTUZVTWJzdEFVUUpSazJjekZWR3BpUC10azVIT3kx?oc=5,8.0,9.0,8.4,breaking_news,1,1,2,Brazil,0.8,0.828,1,True,"Brazil mất Wesley vì chấn thương, triệu tập Ederson","Đội tuyển Brazil đã phải loại tiền vệ Wesley khỏi đội hình dự World Cup do chấn thương. Thay thế cho anh là thủ môn Ederson, người đã được triệu tập bổ sung vào danh sách."
2026-06-08T02:25:15.013388+00:00,am,2026-06-07T21:50:03+00:00,Sky Sports,"World Cup 2026 squad lists: England, Scotland, Brazil, USA, Spain, France, Germany, Netherlands, Argentina, Portugal and more",https://news.google.com/rss/articles/CBMi_wFBVV95cUxPenEzYW1wbXB0enhqc2tNY1NxVHBBc2dWY3YtSVplanFqTk5VZ1NqVW56VnpWeE91djg0TDVyWFVITTBZcGNkdU4zemo5TnVwZFhPNzhSU3EtV2kxVU8zZHNZYTVkNUdZZDVyZDNJZEpsT3AyeTBQT1Q0bmxnV3FzcHM1UnNUamZRZHJVR3RaejQ5Qi1Jb3JKbDJNQ3c2LXYxUXY3U2lCcjNOQVhQYWJmb0Y0MkFObjBIZlJxSUhNTm80RzlibG1UN2ozWWR5SThwdkJMdG5UMHF6S3NNUnpDWkg0X0FaVVFIcUo3M2dyRlY1MlRhX0l6YWZxNzB5cVU?oc=5,9.0,9.0,9.0,roundup,2,3,2,"Brazil, France, England, Argentina, Germany",0.45,0.765,2,True,Danh sách đội hình World Cup 2026 của các đội tuyển lớn,"Các danh sách đội hình tham dự World Cup 2026 của nhiều quốc gia đã được công bố. Trong đó có Anh, Scotland, Brazil, Mỹ, Tây Ban Nha, Pháp, Đức, Hà Lan, Argentina và Bồ Đào Nha."
2026-06-08T02:25:15.013388+00:00,am,2026-06-08T01:30:00+00:00,The Guardian,Declan Rice named as England vice-captain by Tuchel for World Cup bid,https://news.google.com/rss/articles/CBMitwFBVV95cUxPQTRvVDNHbFItTG5Md0N5anlncEczRHlZUFNYRFB6NnlNRUpMYkdTeFJhRkNZbjJVd1NGTUpGR0haZVllNlJKUDczT3pUY3g4N2x3MlAzX0NoNWtERjU5c3k1ZjktZzBldWx3VGVnWUNudGZtRzN1SUY1eFFidG85d042SjBaeEpLMHFZQ2xxaXU2N2JpdE9VMXRuazZTMHVRaUtFdFVtSmZjRngyN09TMjRFSEpNR3c?oc=5,7.0,8.0,7.4,breaking_news,1,1,2,England,0.8,0.758,3,True,Declan Rice được Tuchel bổ nhiệm làm đội phó tuyển Anh,Tiền vệ Declan Rice đã được huấn luyện viên Tuchel chọn làm đội phó của đội tuyển Anh. Anh sẽ giữ vai trò quan trọng trong chiến dịch World Cup sắp tới của Tam Sư.
2026-06-08T02:25:15.013388+00:00,am,2026-06-08T00:26:47+00:00,Yahoo Sports,"2026 World Cup schedule: Qualified teams, groups, match dates, fixtures, how to watch",https://news.google.com/rss/articles/CBMi0AFBVV95cUxNV1hHd3NjSnNnWWluMkxPWEUtOEduZWdMWmRnaWxJSWhZU0lxM1ZNY3dSTjREdnV1Z2Fxckhvam93Szgzc09SUVpFZHRiWjBLYVVQWW1qUVpYVU5VZnU5RXllQm8tTlZNNzZEdmx1OC1PR29EMW1SNFc0NTNmZ0xpY2trTTFJMW80VVlGTTg1WnBzU0F4QmR3dFpIbWdHUXJ3Rmo5VlY0VkhrOHUyTG16STROZWNob29yTGV3UkF0U05GcGMwNVBzQXU4TkVvR0pS?oc=5,9.0,9.0,9.0,preview,3,3,3,"fixture, schedule",0.3333,0.73,4,True,"Lịch thi đấu World Cup 2026: Đội tuyển, bảng đấu và cách xem","Lịch thi đấu chi tiết của World Cup 2026 đã được công bố. Thông tin bao gồm các đội đã vượt qua vòng loại, phân chia bảng đấu, ngày giờ các trận đấu và hướng dẫn cách xem giải đấu."
2026-06-08T02:25:15.013388+00:00,am,2026-06-07T19:40:41+00:00,Reuters,Iran's World Cup team arrive in Tijuana with US tensions high,https://news.google.com/rss/articles/CBMiqwFBVV95cUxPYjNBakMyWFQwSzEwLWtYTmc4TXNHb2h0RHJCYWdES3NmenJURzZWa2UwdE1TbHowVzhvRjhHLVBWX1V0YnRpeDZPcmJ2YjI1bXJ1Z05zay1FcEVlUFIxNjlCb09ydTFXVV9qVUJyZTl4Z0M5U3JpLU9MOXFjVjRNUjlRdjJnSE5RNVYta0pyWTh2S3dNNThKekUwcU9iNmxSN3hqaEw4c3RLQ1k?oc=5,7.0,9.0,7.8,breaking_news,1,1,,,0.6,0.726,5,True,Đội tuyển Iran đến Tijuana giữa căng thẳng với Mỹ,Đội tuyển bóng đá Iran đã đặt chân đến Tijuana để chuẩn bị cho World Cup. Sự kiện này diễn ra trong bối cảnh căng thẳng chính trị giữa Iran và Mỹ đang ở mức cao.
2026-06-08T02:25:15.013388+00:00,am,2026-06-07T22:17:54+00:00,Yahoo Sports,2026 World Cup rosters: The 26-man squads for all 48 teams,https://news.google.com/rss/articles/CBMi0AFBVV95cUxQQmJwaDJEM01GWTFQc2N3aXBfR1NTNnV6VGxTQkZpRWdhRndXSFUyRzV0aXhNQnFCNVpfRkRRenFJTTBCZXBFRHFzUGRkTEhiUThTb0wteE5xWjRjU2Rsc2I3RnMwaHZERFF3YzU4VFdVZ2F5anZtTWVsNkdLRWgwUURxLTBkUERNOENwWVVSY0dKMUNhYTZrYnVTU2ptME1LSGpFVlptcUFuVjUtRm05TWJRWWgxUUgtc2dpaHduRjJDS3FKUE5PM0l3NW9VaHdp?oc=5,9.0,9.0,9.0,roundup,3,3,,,0.2,0.69,6,True,Danh sách 26 cầu thủ của 48 đội tuyển dự World Cup 2026,Danh sách chính thức 26 cầu thủ của tất cả 48 đội tuyển tham dự World Cup 2026 đã được công bố. Đây là thông tin quan trọng cho người hâm mộ theo dõi giải đấu.
2026-06-08T02:25:15.013388+00:00,am,2026-06-07T22:00:23+00:00,TheTravel,U.S. World Cup Host City Employees Abruptly Threaten Travelers’ Plans With Strike Just Days Before Kickoff,https://news.google.com/rss/articles/CBMiuwFBVV95cUxNZUlmZHcyN0QxMGlVTVZyUWpoTmZ1SWsyUVFxT3ZDS3ExNmExZWRKNjV1bjN5c09uWTh2Z3VadHhCRXJXUy1FTXJVaVNVNGU0R0FMVnU1eENhMU41b2V4QXZXUDBYZEZwTVowZjBBYkF3amt3Q3J2M0NNQjVraUdLRXNEX3hLYlY2ZGlmcnNqS0dqQ3A4OFY2SDNJT29CcS1tbFBqVUc3T1k1R0FxV2d4S3A4bVRzU2ZHOWVv?oc=5,8.0,8.0,8.0,breaking_news,,1,3,host city,0.4333,0.69,7,True,Nhân viên thành phố chủ nhà World Cup tại Mỹ dọa đình công,"Chỉ vài ngày trước khi World Cup khởi tranh, nhân viên tại một thành phố chủ nhà của Mỹ đã bất ngờ đe dọa đình công. Điều này có thể ảnh hưởng nghiêm trọng đến kế hoạch của du khách và công tác tổ chức giải đấu."
2026-06-08T02:25:15.013388+00:00,am,2026-06-08T00:14:00+00:00,The Times of India,FIFA World Cup 2026: Mass shooting near England's Kansas City base camp leaves 9 injured ahead of team arrival,https://news.google.com/rss/articles/CBMiqAJBVV95cUxPUW5EY1BqQ21wWDFFVU93S1FzbWwtQzBUa1NqSHJfQ2VPQlo2TDYxc1NBYVBqelJfUngxNV9VUlJPVkg0cFhaUWVMMmRnS2FYeTZiNzZqNy1xdDRLekhmM2RqWGdRLWtyaERSeGtzdEdOXzhiQk9QVVE1RWhfQzhkRnhucU4xUWRxcUpEeHZkZ1ZtelRCaFdRTlIzaFJMRzdqbnlvazY5QmRTVXpKLTJ4Z2JjcHVXaEg5d2F4MzJYbDcyVVcwVWZNM3ppdnNLRENtOURDOU9QeVZtVUliZXJVZVlOWWNYcFdIUXVrR2JBd1pJVDVJNG1pcVRIeHBDdU83eWs2RFVQb1Y1VV9ELWQ4M3hXaGVMbXY1Y2NyUjE0ajJUSURKbHFpSw?oc=5,8.0,7.0,7.6,breaking_news,,1,2,England,0.5,0.682,8,True,"Vụ xả súng gần trại đóng quân của tuyển Anh tại Kansas City, 9 người bị thương","Một vụ xả súng hàng loạt đã xảy ra gần khu vực đóng quân của đội tuyển Anh tại Kansas City, nơi họ sẽ chuẩn bị cho World Cup 2026. Vụ việc khiến 9 người bị thương, chỉ vài ngày trước khi đội tuyển đến."
2026-06-08T02:25:15.013388+00:00,am,2026-06-07T22:13:04+00:00,Karlobag.eu,Kansas City shooting near England World Cup 2026 base leaves nine injured as police continue inquiry,https://news.google.com/rss/articles/CBMiuAFBVV95cUxNbm01eDhpY0NXTG9GQjBzYXBDYXY3djQtOHdwSjIyRDBIUnA5dldlWDNLNkR5OFNaM2VMMTFqVXg3Q29LS2RFb0VXbEFaVjFOUVBZTjJNWHYyT01FVDJzaTNDdFUzazJUMzZoUTRPUlpNOFpyTTZXUFpNS1RxUlRVSVpTcmtXTGh2SktaR1JfXzZpVUpmUjM3aHNEU09nWEVfTE9RYmRIVThEZGtHRWl2U2tndjlEd0da?oc=5,8.0,7.0,7.6,breaking_news,,1,2,England,0.5,0.682,9,True,9 người bị thương trong vụ xả súng gần căn cứ World Cup của Anh tại Kansas City,"Một vụ xả súng đã xảy ra gần căn cứ World Cup 2026 của đội tuyển Anh ở Kansas City, khiến 9 người bị thương. Cảnh sát đang tiếp tục điều tra làm rõ vụ việc này."
2026-06-08T02:25:15.013388+00:00,am,2026-06-07T20:52:25+00:00,The New York Times,Nine injured in shooting near England’s World Cup base in Kansas City,https://news.google.com/rss/articles/CBMinAFBVV95cUxNWFhEbzRucnNDNC1IMFZEa29VekRFY296bVF5bXQwdl93dzAyemNzdDFfWi1sdDR5MlJULTFjOXZzRnhtbmU4MVVOeFZGaDN2WHFOTjBCSXIzOVhJWm4yTnB4RmJjOGxFYXY2QU5jbEpvcHdSTUplSEZPR0w3aktudU5OcUtVbXdhaEQzbHhaUzc1clMxOGstTGdtV08?oc=5,8.0,7.0,7.6,breaking_news,,1,2,England,0.5,0.682,10,True,9 người bị thương gần căn cứ World Cup của Anh ở Kansas City,"Một vụ xả súng đã xảy ra gần căn cứ của đội tuyển Anh tại Kansas City, nơi họ sẽ tập luyện cho World Cup. Vụ việc đã khiến 9 người bị thương và đang được các nhà chức trách điều tra."
2026-06-08T02:25:15.013388+00:00,am,2026-06-07T19:52:23+00:00,FOX Sports,"Spain Boss Says Lamine Yamal Was 'Born for This,' Compares Him To Lionel Messi",https://news.google.com/rss/articles/CBMi4gFBVV95cUxNRE5vTTVhMmtXeW8tRE9OUU5XRXVyN3E2S0IzZkRKNzZsZGExbEJjSnROYldFYmtyQ09idGY3MEl5M2RCaW1nazVUNjF6a3I0QkNjWUJYMjBZVlFNaDRHOUc5NWFneEZXdGd0Wm8zajJudkY5ZkF6Ykk0Y1RuaTdJZkdQOE1WLWVURlA5a20xbHQxekpCLVl3MmY4ZU1PdElKZWNNVG1ta3FVZFcxdW1KeTlFYkEybHZpN0RnckR5OFFMTkEtS0REQmF6VFFnWHlQeVRTMXdudG1ULXNHcncwbjFB0gHiAUFVX3lxTFA2Xzd0NzhyMG1WQ2tzLUFYY09mNExmc1RRcnJ3a2N1WEhfZFlxS1JhWS1sb0VlcWNiVlF0NWttTFA2OWRlRkhlZnFBSkxTQU5TU3dOMUNDbG5GblFTNENvSW5MX0Y2SGE2Q2JSdkJsUWlnWWlWNDk5T3BYT2tWenFXY0lENFl5WUdCQy05X3BPWVRsZDZndXhsV25UT0Fzc2hfUmpVZzl2bVlUbnBoaHhuUkVIejBnZWluN3JweFhfczZMTG55SXZMTTV4dURhY2U4ZEJhUkVVSmYyRkljVlcxdkE?oc=5,6.0,8.0,6.8,interview,3,2,1,"Messi, Spain",0.65,0.671,11,False,,
2026-06-08T02:25:15.013388+00:00,am,2026-06-07T23:00:27+00:00,BBC,'A World Cup for them not us': Fans' anger at US travel bans and visa restrictions,https://news.google.com/rss/articles/CBMiWkFVX3lxTE44amExQmthMlhtb0hib0FzTVQ2ZHpWRHczcWhsQmViTTgybzBoLUY4bnNHWmtDdEVrREIxb3VNd3VkUWVLcThXYzAtR0dfV3oycTBzUkJiRldvZw?oc=5,7.0,7.0,7.0,breaking_news,1,1,,,0.6,0.67,12,False,,
2026-06-08T02:25:15.013388+00:00,am,2026-06-07T23:30:22+00:00,Sky Sports,"World Cup 2026 Group C guide - fixtures, schedule, standings and odds for Scotland, Brazil, Morocco and Haiti",https://news.google.com/rss/articles/CBMi7wFBVV95cUxNZWFNV291a1hTckUyWnRNOEtqRTJobmg1TGNwYlI1c09teDhDTHYzUlR0LV9wUXEzM0J4YTZ1OVgyQlJyV1hXeHdqaDFfN0h0TkotWktYSXY5bWd3dTRqV3FOaDl0X05pTnptNDc0ai1BRWw3X1l6UDNMUzF3cUxXMFRWZmVQTVc2YmhKRnd6YUx2bkc4MW1QZWlleVgxaWJtbkpqYTV0RFpPVmRrbFc3RjRnWGszUm5BZm9ZdWdMa1htSWpCNXlwdXRBakprSUpzeWhGaE9VeUtKUENMNE1yNEktVnMtNFpxc0ZMSGVjQQ?oc=5,7.0,8.0,7.4,preview,2,3,2,"Brazil, fixture, schedule",0.45,0.653,13,False,,
2026-06-08T02:25:15.013388+00:00,am,2026-06-07T20:51:04+00:00,FOX Sports,Brazil's Endrick Makes World Cup Vow To Ancelotti After Scoring Winner In Friendly,https://news.google.com/rss/articles/CBMizwFBVV95cUxPMklyRmNkck1kalR1REwtWkk4T3dNNGxaUmNIc1E3Y0RXcUVjSWphaUpENnVYRXlUQ0w1WldwOXRvUDc1alFybzlCMUdGdzhhMERRN254dW10QURXOEF2Q1hPWm5Kb19qbDNXMTFwTVJEeFVQOEFpZ2k1Q1BFUkpMU2hPRzhKN2VHaV9RNjhlZjFWelRCU0pnYTg1Q0hCRUh4NXhLM3RMOTFaeXdpVWxPNmFHTGJ1WmZnSUNkbEdvNFZnTGRzT2p6ZkJhSF9DTDDSAc8BQVVfeXFMUFlPaFJWYnFId3V6NlJOOG1xSUE3MDJOYU56c21LdXQ1OEFSdm5nRXJvbVk5LXBpNzVucnJBSzhlbncyV1ZlY2hsaktzd0Z4SXhHTjlyNG9BMjlMbFp3UllNQmtQSTF0dGR1RXpSc2VTaEUzYzZLQVpYWXN1MnVMb3NQSk8xR2YtWVhpVXd1MTM2eXNNT19pdHRKSnZnZ0p0SGdNXzlpX2RuSHd6cjdndS1EX2pjZjBCOVdDZmNjMU9OU0xVMmF5elBJTkZEZVRB?oc=5,5.0,8.0,6.2,breaking_news,3,1,2,Brazil,0.6,0.614,14,False,,
2026-06-08T02:25:15.013388+00:00,am,2026-06-07T20:57:39+00:00,thecanary.co,England — one of the top candidates for the 2026 World Cup,https://news.google.com/rss/articles/CBMiakFVX3lxTE5pNElISGFpR3RrLUFnVzY3SUJpcTJzTTNKcXhmTDg5cUFic0YzS2hiTURPaER2MmZEQjQ0c0hXY0tOdEl5ZXBybzRkVDJhdnN6eHhYNnRyM0Vob0J6MVJ6cDBVX0JNQUVUc1E?oc=5,6.0,8.0,6.8,analysis,,2,2,England,0.35,0.581,15,False,,
2026-06-08T02:25:15.013388+00:00,am,2026-06-07T23:05:33+00:00,Travel Daily Media,World Cup fans scramble for accommodations as host cities tighten traffic security,https://news.google.com/rss/articles/CBMitwFBVV95cUxOX19hY3RwXzhJVkNnOUZhSHVWRjFQUWZFYzI3bFV2TjZ2U1RTSGVQaFNleEYtRmlldDMyVWVNVXBFMmc4ZUMyNnpFU2MxMkJHdmZaQ29HQXhRaXZ3ZHg3dVhFUlFFMF9uWThfYWJxMkdzWGZNSEdVVzF0MHlrUXlQNG0wNGZRSHJvaldLbUd0dVZ1MXlEMUJGRXA2ald1ajNMTWZxYndJTFptNWVIWlZsVTZIVlF1OHM?oc=5,7.0,7.0,7.0,breaking_news,,1,,,0.3,0.58,16,False,,
2026-06-08T02:25:15.013388+00:00,am,2026-06-07T21:50:00+00:00,Yahoo Sports Canada,German Football Team 2026 World Cup Preview: Can The 2014 Champions Make It Happen Again?,https://news.google.com/rss/articles/CBMihgFBVV95cUxQN1U5WVY5bjB0WEt5S0psY0syWXA3NUZxdGp4LUlHdEs0TjI4ck55T19FWi1lMk51RnR5WHE5YnFfRF9Pd1RaRHQzaWtveDRVSmtDMG1xM0VkNmUtclhaTjYxMGs4TGJtVVRmUlFBdVFDMGQyUmxVTnpaODZWd0ZBdGlmOV93Zw?oc=5,7.0,8.0,7.4,preview,3,3,,,0.2,0.578,17,False,,
2026-06-08T02:25:15.013388+00:00,am,2026-06-07T23:40:00+00:00,CityNews Toronto,Toronto defends resale of FIFA World Cup tickets after criticism from opponents and fans,https://news.google.com/rss/articles/CBMixwFBVV95cUxNZ3Y0T1ltZnRZSGN0eTRoOEZUWkxLOVRhWUtuQzhIVlZGcjVlNG5OdlBPY05tYTVRUWN5SnNBanhYTlpqV1pHWGNxTUVGdFRfOUpFY1BRYzJPZ2x5dGtDSXllcjJkeXpZOS00amdCQ0t3MjhVNl92ZVFPaFE2Nnk5QzZ3eFdMckFDQTc1aHNlb0U4R1JJRkgydHIyWS1DZG0wRTVyX3F0dUQ3anFfZlBzclJVcDdsa25zYUVVMUNoU25tdThpbFB3?oc=5,6.0,6.0,6.0,breaking_news,,1,3,ticket,0.4333,0.55,18,False,,
2026-06-08T02:25:15.013388+00:00,am,2026-06-07T21:55:00+00:00,Yahoo Sports,International friendlies round up: Ødegaard clinches Morocco draw while Messi benched for Argentina,https://news.google.com/rss/articles/CBMinAFBVV95cUxNcE5pNHJHTjhBYUU0dFZicmxNRHhTQ0FaQlo3SUlhUDlaMUxLdzZfVk1XN0pobWFKRGJKV2I5N2tIRGk1Vnk0X2duOVpJVkhkTkFGY3M4c2VOMmJ3d0lNd19WVEFTckVacjhBdGFEcXFNRUZMQjM3b25jdjlPNzhjME5hcFdrbUQ2NnRYbjVzZkdMZ3p1V0o3ck9aV0s?oc=5,4.0,7.0,5.2,roundup,3,3,1,"Messi, Argentina",0.6,0.544,19,False,,
2026-06-08T02:25:15.013388+00:00,am,2026-06-07T23:44:00+00:00,Yahoo Sports,"🤑 Worth R$9bn, France are the most valuable team at World Cup 2026",https://news.google.com/rss/articles/CBMifEFVX3lxTE5zV1VrMXFVMjdoaVpEeGN5VzZXOGRNLWdrVGFaRFVRUlFqTXdTYjhEMC1Sa2xfMGw0Y3UxdnU0TUtjeFQzRXM0dUxYMHZ3WWhfaDVVc0FOTTk5MG55cmxwTnVOekZQLXZ2dVRwMWJzYllGUmdoUVpFaEI1SDY?oc=5,5.0,7.0,5.8,analysis,3,2,2,France,0.45,0.541,20,False,,
2026-06-08T02:25:15.013388+00:00,am,2026-06-08T00:07:07+00:00,Hindustan Times,World Cup 2026 arrives amid Ebola concerns and disease outbreaks: Is the US prepared to host it? Experts explain | Hindustan Times,https://news.google.com/rss/articles/CBMikwJBVV95cUxNRldCLVlSNUlDeXFPRHdQaHRvcDUtRGhxTm92cHNHSnUyd1dJVGd5UTJYLVlrQ2hOZkRpS3FTNzdTdm1ub0ExUWY2dzZiVmVXNlF1WnBCaVA2TnExWjlLV09YWkNsZFVxcG1sekZTeExrSzNra1FGa09OeGVSRU5qcTljMDY0MGpYTVBnS3BBSWZWN1ZKRVhfR2tDVlM2N2FIMkd2dFQ5WkVKb1JIZWU0d0JNV19EUVZiT2ZIVUFZN3NEalJnaFVlT2dIbzZpUW5KWlZGaTYyV25RLTBlRmRHUUtDS3lWRm1jazZ2MWNLQUhwazFwYnI4S0hiazdLVUgwaE5IaWFhdm4ycURJdUh4TWpIa9IBkwJBVV95cUxNRldCLVlSNUlDeXFPRHdQaHRvcDUtRGhxTm92cHNHSnUyd1dJVGd5UTJYLVlrQ2hOZkRpS3FTNzdTdm1ub0ExUWY2dzZiVmVXNlF1WnBCaVA2TnExWjlLV09YWkNsZFVxcG1sekZTeExrSzNra1FGa09OeGVSRU5qcTljMDY0MGpYTVBnS3BBSWZWN1ZKRVhfR2tDVlM2N2FIMkd2dFQ5WkVKb1JIZWU0d0JNV19EUVZiT2ZIVUFZN3NEalJnaFVlT2dIbzZpUW5KWlZGaTYyV25RLTBlRmRHUUtDS3lWRm1jazZ2MWNLQUhwazFwYnI4S0hiazdLVUgwaE5IaWFhdm4ycURJdUh4TWpIaw?oc=5,7.0,7.0,7.0,analysis,,2,,,0.15,0.535,21,False,,
2026-06-08T02:25:15.013388+00:00,am,2026-06-07T22:55:38+00:00,ecoportal.net,The 2026 World Cup is about to send millions of first-time riders into US transit systems that were never built for them,https://news.google.com/rss/articles/CBMie0FVX3lxTFBTdndDUi1nOC1sS09Dblo0UFRINHVCV1d1TVNtdlA4djYzZ1JLN1MzRG1NeF9mcXl4X09IUUwzbU5hdUwxR25QUGZobU1iX1psTWFPazFManN0cWZJLU5TUHp3bWhDaUh5Mk9sNWd3Y3JNTDl0Z0NlUUttaw?oc=5,7.0,7.0,7.0,analysis,,2,,,0.15,0.535,22,False,,
2026-06-08T02:25:15.013388+00:00,am,2026-06-08T00:51:00+00:00,Las Vegas Sun,"World Cup by the numbers: 104 matches, 48 teams and 3 countries make this the largest ever",https://news.google.com/rss/articles/CBMilgFBVV95cUxNN1dncnNqRDRaZnhwREFveTduWlU0R2hkY25vRzlLaTh3clpnQlJiTkxHY0hzT3g4WE5GVkNZcE9LZzhfN3I2V3I1SEN0NTZLcEMtckI4aE93UDFSdGpVZXZRN1p3eTZuWk5sVzZCZmpmNXBvRmN6ZXFhYmlxeE1sVEFEU3RDYnpuaUVZVkxhb2pJMDB2aHc?oc=5,6.0,7.0,6.4,analysis,3,2,,,0.25,0.523,23,False,,
2026-06-08T02:25:15.013388+00:00,am,2026-06-08T00:27:00+00:00,Yahoo Sports Canada,"World Cup 2026 by the numbers: 104 matches, 48 teams and 3 countries make this the largest ever",https://news.google.com/rss/articles/CBMigwFBVV95cUxPLTVYNlg0ZVIzNk9qZ3JYU1VCVFN4SVlNTjd2eWNyaF9SYk9iTDZPZ3dGcERyem9BYTNlWnAtUGxQZ0pwZ3FqbHhfQ25PX2lpaWc0U1hxQk1xcllTU3o4VlVlQTBRcndKWkZ3ZXc1RDRuMHQ0M2pGbXZ3YkhqYTRYMVVCOA?oc=5,6.0,7.0,6.4,analysis,3,2,,,0.25,0.523,24,False,,
2026-06-08T02:25:15.013388+00:00,am,2026-06-07T21:32:02+00:00,Sofascore,"How 2026 World Cup Experiences Will Vary in Host Nations: What to Expect in Mexico, USA, and Canada",https://news.google.com/rss/articles/CBMixgFBVV95cUxOS2lOX1dIQzBJR01PX0xISDVFcXE5RTVDZDU4Yk4wR1Q5QWozQkNnREhCc0RBODZQWXhoRkc5NFl2eERhcGg5dk5VVFE5ekV6Mlg2VTBuQWVla3RFSi14ZnJwNElUcVJMMUUxU3hCOXl5c09MaDdzREVZcGNGTGI0MzJlMmVZQ3R0dE5DdGRwTjE3ZXBqX0NwYTMzbFJzZms3dXFRdEw3TXNidkNiVHlHT09qYXZjd1YtN2hDVl8ybk10OW1PSkE?oc=5,6.0,7.0,6.4,analysis,3,2,,,0.25,0.523,25,False,,
2026-06-08T02:25:15.013388+00:00,am,2026-06-08T00:18:00+00:00,The Guardian,Algeria World Cup 2026 team guide,https://news.google.com/rss/articles/CBMiigFBVV95cUxQNXVPdUo2N000ZUl2d3pqRjVTa2tBZVJGN2pycEJOV1d0bVhJZjhENlRta3FEWHl3djFHTm5OTWFQejBXcFdvU25raUJFZzJTTnNkZ2g1SGFOQzBuZnRPWEEtbnRoaWU0ZUNQdEFhZjMybnpzdmxWY3BJck5wbHBTZ3doX0hiMXNmM2c?oc=5,6.0,5.0,5.6,preview,1,3,,,0.4,0.512,26,False,,
2026-06-08T02:25:15.013388+00:00,am,2026-06-07T23:06:10+00:00,Goal.com,"Haiti FIFA World Cup 2026 TV Schedule: Live soccer streams, channels, fixtures, dates, kick-off times",https://news.google.com/rss/articles/CBMiigFBVV95cUxObW5USFJfWDM0Z2dRb3RoUVNOVE1GSVE4SjJqRnR1aDJELUl2WXA2Z3hqelRSdFdIV0tHVllkNDR5aGRNYzFNbWlzUFJUbl9MaDhSb2kxWHlZZ2hjX0RJRl92dVhuNWpsTzN2NmxlNjNxVU9CZ3Bud3EtMUhtOVNaeWQ4M0ZueFN4b1E?oc=5,6.0,5.0,5.6,preview,2,3,3,"fixture, schedule",0.3833,0.507,27,False,,
2026-06-08T02:25:15.013388+00:00,am,2026-06-07T21:08:17+00:00,Goal.com,"Paraguay FIFA World Cup 2026 TV Schedule: Live soccer streams, channels, fixtures, dates, kick-off times",https://news.google.com/rss/articles/CBMijgFBVV95cUxQa1VaR1BVTWV5bTZaQWExWURnalFLRG5vUWNjWEg4ekdqMkxTdlhjMXdsRm5QdERoOHJHMnFaVnE4ZktDYUtLb3pJYmJVcEhJbnNnMHY5Z2ZCOTRIdWk5UEhhM3RLelA1d29Db2RCMlM1cEJvLTQxQkJKeHo0SUoxa1lDcmJKMjBDU1NrMTB3?oc=5,6.0,5.0,5.6,preview,2,3,3,"fixture, schedule",0.3833,0.507,28,False,,
2026-06-08T02:25:15.013388+00:00,am,2026-06-08T00:42:54+00:00,rdnewsnow.com,"World Cup 2026 by the numbers: 104 matches, 48 teams and 3 countries make this the largest ever",https://news.google.com/rss/articles/CBMixgFBVV95cUxNQTNJR1hWY2xjUmJJWmRqV203TGxZdDNsOFFPMHJFSlRrbVMxWUp5Q2V3OFRPZU03LWhQMUEwbDJFMFlGcnpxcnFiajJXemRGdHpfMVhIOHhPbm9paWpmN3VHNWdFVTgyLWNsOXNPLWRKLWM2ZFBYYVVZYy1vZmZRVUdkdHAzQ2dJdkpHUmRZTUhHZUFHbHNXOFpra1RPX0dvZGlFbm1HbTk5Z3ZDVHdfanBENTdEZ3dHYnV6Ni1TR3BsRHBMWUE?oc=5,6.0,7.0,6.4,analysis,,2,,,0.15,0.493,29,False,,
2026-06-08T02:25:15.013388+00:00,am,2026-06-07T20:00:00+00:00,Politico,New York’s half-billion-dollar party,https://news.google.com/rss/articles/CBMifkFVX3lxTE1OVVFKX2ZLdE5VZ0JLb3hDd2xWV1lXNzFVbnFQWkpDczhFVTBKMjYzZ3Ffanh5cTF5eFpBcFpaUVNPeUttVnlxd2lRaWkxbkFkRWg1YTd6S000N3FWNlpoLWxScV91YmF6eUFEblVkemJwdmx5X2diQ21JdnU3Zw?oc=5,6.0,6.0,6.0,analysis,,2,,,0.15,0.465,30,False,,
2026-06-08T02:25:15.013388+00:00,am,2026-06-08T00:30:00+00:00,Yahoo Sports,‘You’re not perfect’ – Tony Meola urges USMNT to learn from Arsenal ahead of World Cup 2026,https://news.google.com/rss/articles/CBMigwFBVV95cUxNS2tYdHdMZmd5N2cwOGtReklNZW5CYTYzN2FqdFQ5ZmMyYjlUT1V6UVNBVkh1ODJaVEgtSGFjSnIxUXRNTG8yNDNCaGx4VFdDRnBzVS1oR3lLdzhsZEtJU05HMF9wdTRia1hyeVcxc2hIYm9uNkNPcnFKTmtvNlM2RTBvRQ?oc=5,5.0,6.0,5.4,analysis,3,2,,,0.25,0.453,31,False,,
2026-06-08T02:25:15.013388+00:00,am,2026-06-07T23:04:06+00:00,TODAY.com,Inside Look at US Drone Security During FIFA World Cup 2026,https://news.google.com/rss/articles/CBMiogFBVV95cUxQM09hWUVQd0l4ZjhZRzNXUlNCRlRTSWNLZkhlZmtnNmJkTDVwZlFXSGJoM2hEWkNneU1Ja204U05kdk9wT2RMeThIS3ZQd0hrNi1pYldqWkM3dGhGazM2WG5lMFBLU0RBcGlVeXhPQzVVTktLdEJyOC1oTnFHR1E3X2pQbGxJQzFaQ0pvdUt6VktpSW42SUpvdnA3SHdqbUdTc1E?oc=5,6.0,6.0,6.0,feature,,3,,,0.1,0.45,32,False,,
2026-06-08T02:25:15.013388+00:00,am,2026-06-07T23:47:30+00:00,Euronews.com,Vancouver: A World Cup host city travel guide,https://news.google.com/rss/articles/CBMioAFBVV95cUxPLWowZE9VNmpEcktnZ2RNLU94Sy1aSlpUcHhScGprNnNYNTFMeTJjT3FIY1pZYnp1RWZ3TGxybUFOU3VaWWktYm5XMU9ZaW9SVXFjSGVHZktzQ0ZwbWh6Ty1iT29FcTVGdVdEcG5oVmdYQWRUUTY0V1BxQ3hxWFBkSXVISTlQRzBWQnl1NE0yNzE3VmhzRlhpcmJDbzNIdHo0?oc=5,5.0,6.0,5.4,feature,,3,3,host city,0.2333,0.448,33,False,,
2026-06-08T02:25:15.013388+00:00,am,2026-06-07T23:31:27+00:00,Euronews.com,Philadelphia: A World Cup host city travel guide,https://news.google.com/rss/articles/CBMipAFBVV95cUxPX1hhellNM25MeXVrcHk1ekxRMDJPRTJtR1ptRndFaDJQamVFMTVfMmFZSjdHQzFBbFpHbW5vN1NXR1RGenNMcFhTWGszZGlfTUxtVnFhVjBnYlJINDJKZXo4c09KbjhWVUpzb2JHWWdidUlUQlp5alRfU2FaSFNIeU1jN0d1bDBTZkJzTTNjVnRIdkh1V1UtTWNoblpwbi1UTWpvSg?oc=5,5.0,6.0,5.4,feature,,3,3,host city,0.2333,0.448,34,False,,
2026-06-08T02:25:15.013388+00:00,am,2026-06-07T22:21:59+00:00,CBC,"Vancouver ranked best World Cup host city by Sports Illustrated, Toronto No. 3",https://news.google.com/rss/articles/CBMikgFBVV95cUxPRkJEUnlvSy1iUy0tdWJ0NFlwVTdCNnh0ZTV4N3lGNjhNWk9rMHQwUGVkYTBDUnFiVUdTcl9FdnpMUTFGMmRoWGlHWnFpRWtVZlpidWJERzltaHlKR1ZvX0tYbzZtVVNNLUJOODZCdXRZSVg2S3MxZVBwT0YtVzhwWkFYNUl5TEcydjlGZXpyT3pNQQ?oc=5,5.0,6.0,5.4,feature,,3,3,host city,0.2333,0.448,35,False,,
2026-06-08T02:25:15.013388+00:00,am,2026-06-07T20:50:01+00:00,fox5sandiego.com,Swiss team warns of rattlesnakes at San Diego World Cup base,https://news.google.com/rss/articles/CBMihAFBVV95cUxPa283djhPUU5lTWVFQ2ROdlZUY08yZ2lxTmgwUmpuLXRLOHo3MGozbGFUTmw4eGNUZnpTTXdoQzN2dGFQcUZDWlBDMGh4M1VZNl9Xa3BQUnMweExRclJKTmJvZ2VVYVQzZUhNUHFsSWwtWk1ZWUpZaWtHZDJtNDRtOVc4WWbSAYoBQVVfeXFMTWVpeGYxVWpfa3RIQTBRdUx2NHk5cEJENTVDVEFhUlJnR3lWWld4QWlaVEVGNkFEMHBBQ3NnWncyRXhiSU5BMTZjcVNXYURQX1o3ZTY5MDZPUjUwUEIwQ1NwU3hUM0paVVlEMExKQzFmeUM5dHRCZlVJU3YyVm1XN2JUNVpkWG53Rmp3?oc=5,5.0,5.0,5.0,breaking_news,,1,,,0.3,0.44,36,False,,
2026-06-08T02:25:15.013388+00:00,am,2026-06-07T23:21:20+00:00,FOX Sports,A deep dive into Toronto Stadium ahead of the 2026 FIFA World Cup 📍,https://news.google.com/rss/articles/CBMibkFVX3lxTFBWeXJsbUY3LXZsM2dTencyWFpzaTRTa0E1QmwzdlN6emFlcXNTRDc4UHBCSm1FZWg3NzZuVXpwdEhzWENCTGR0VnMtVFNFeHVaNjBNQzhiZEx0aXRTUVA4QkI5dFlmWmE2QXgyU0F3?oc=5,5.0,6.0,5.4,feature,3,3,,,0.2,0.438,37,False,,
2026-06-08T02:25:15.013388+00:00,am,2026-06-07T19:26:34+00:00,USA Today,World Cup 2026 travel guide: New York and New Jersey,https://news.google.com/rss/articles/CBMiwwFBVV95cUxPckNzRjBlTjkycEFOaHRsYlM2cjQ5bXBRblF1WEpLdWVEMWxHcmd6M3ZqbVZhMlNLQkotc1ZTa2czNDZfYWdvV0VvRV9pOFdiWHA3OE5lT0tRendURzFKLURzWVdPOWRJTWVBbFNreXlsR2dxb2cyUTR5RE4wRkFzUUJWY05uVWwzenZNZ0VnVVY0bzBqYXFzbFluNmp1S0RvNk1wOEFKTHN3d2gzUVFjbGFoY0JkeTNVWjRDQ29ORHZITGM?oc=5,5.0,6.0,5.4,feature,,3,,,0.1,0.408,38,False,,
2026-06-08T02:25:15.013388+00:00,am,2026-06-07T23:40:26+00:00,beIN SPORTS,The World Cup group that has never produced a world champion,https://news.google.com/rss/articles/CBMiogJBVV95cUxNb0JvOXU1Y3NuSUV4NGNFLXV0anMxblQxWVBsX1BKSm90MjJvRWItNVcyamtyT1pzb3NDSy1PUHc4MEs5bVVRci1vc1lIMEx3VFR1R3Jab05CZi1DUHlWSGJTaUQyaXllQUZpUGFubjM2RHBFSW1rbW9zZnZYcWpERS1HNmZGT2JwMm9SQ3dtdXNncWVBMUlpRE1hTFZhZ3BMcWZfYl9rSlp0MFpBREpfaEYwX29xQ2ZzZUN0ekpyMzZGNG9MSUZqTThaOThEZ2ZELVFEZzZ3ODhab0xvRGdPZ0ZFSWFBNC1vUlFrN1M3LWhROGl5UDliMHB2b0hjMXNXR19fNnM3UkV5Z0dSbjRPSUdPc0hhLWcyckhWUlkxWV9xUQ?oc=5,4.0,5.0,4.4,feature,3,3,,,0.2,0.368,39,False,,
2026-06-08T02:25:15.013388+00:00,am,2026-06-07T22:17:01+00:00,FOX 4 News Dallas-Fort Worth,FIFA World Cup 2026: Czechia national team hosts open training session at Mansfield Stadium,https://news.google.com/rss/articles/CBMingFBVV95cUxPRVdIbnp2bFRMenJBamRMbm9faVVTbW9ZLWlmUUU1T2VLcENOMlhJMzdDeDktbFhjR2dVYmgtR3pkMERKNUNuSklNWFh5ci1tY3czVFlsbWI2RXVUbHhiT3ZaaDBtTFY0ekFsNlNtTFZ6NjRSYmJMUUF5VlFtQ0ViNEs2RkFSZHFfM3hfQlZURHY5dDZGWTlNeXFLMC1PUdIBowFBVV95cUxOdjZjUWt5RS04LW5IWm0tazAzMF9NUFJ1LTIweGJrblRtM0lFSUl3czFXYUNvRDB2Y1dEeG1rcFdldUFKSll3emdENHp3cXhNTVM4aTBCUWRFaHAzcGxacTZMY0lXN05yakJEQWVHcjc1dDk2eTI3cjhOckczeUpXdlFpUDBZdWd1Y2NVcjZ5NVp5VWJiOG12YmJrUDhONDM1YWlj?oc=5,5.0,4.0,4.6,other,3,,,,0.1,0.352,40,False,,
2026-06-08T02:25:15.013388+00:00,am,2026-06-07T20:40:36+00:00,Boston Herald,"Ticker: BofA boosts World Cup tickets for veterans, first responders; Actors union approves new deal",https://news.google.com/rss/articles/CBMi1AFBVV95cUxNQ0doZW1HWF84anVVQ3BzM2lkcmp6MUxITm9DalpoSHdCS1pGdF8zd0U3TkpjNWpTY3FhdUlHS3Q2d2NoV1F0RWx4czhENkhMNWVRX3R6UFh5N3AyZ25LNWVlQ3FpNUNpNHZmc0pHTkdSWWxXSlZtQllmVnFWSlFzZDVvSTRrdVh2U00tNEVrQ29lWmgzbWNJYzRUYjB2S0w3SGlwNFhfVlppeHRjSFlhQWNUOHZGeVlMVVpwZlpsQXRkM0dpbVhIQ1VvYTFqUWoyNkVpUg?oc=5,4.0,4.0,4.0,other,,,3,ticket,0.1333,0.32,41,False,,
2026-06-08T02:25:15.013388+00:00,am,2026-06-07T21:11:57+00:00,ESPN,World Cup kit ranking: Which teams will look best in 2026?,https://news.google.com/rss/articles/CBMigAJBVV95cUxPWklsR2dXWmlpSHRZbE44N0lMOW0tQkVnUm5xRU1aQ2pTUlBzQVZ6WmpoeGFpR0R0V1NDZ1JTamhjbzJCQTlIdElMbTRqVGp4SDRVUkR5dm5TU1c0Q0RXVDFMcUZnTXF5V0RDazZTR1c1eE1kUUhPMk1URnBmRGpYRUZWUkgtbi1fRmZ4bE5HZnA0ZEdlckNOaUN1T2VJcHNseVhzMU56YXNfeUxEM0NyXzhsSWlzdGxEUkdrOGxXYVgzcDhOSDBsZHJTRjNSc1VYWnhHOS1CYkoxZGFzMERmdWt2RFJ1NHNxOGNFd1VJSy03b0VmMWZsd2NYNTFWZkVE?oc=5,3.0,4.0,3.4,feature,2,3,,,0.25,0.313,42,False,,
2026-06-08T02:25:15.013388+00:00,am,2026-06-07T22:58:30+00:00,TAPinto,"The City of Linden hosts FIFA World Cup Watch Party — Ecuador vs. Germany on June 25, 2026, at 4 pm.",https://news.google.com/rss/articles/CBMi1wFBVV95cUxNQWo0TUowMWM3WWNvWXg4ZHE0VnBxRFBxVFpSZ2x3NWlhU1FDZlE5ejBia05mVXBfX3ZzN1IyRG9TekJHT2N4Yi1aaTl3c0gxUW1DQVRwaE8wb1hVSjVZaElqNEkxN2xLSzlxZ3RtaTZrWDlsLVQydmVDQ1pQdlJLY2E0Vk8wQzU0NjFPcGRPV3ZJZTh0Snhra2g4VWo4MTVSeldqMGRhb1VoNjBFN2tMQ2tLMVl6a0d4RmtlcHkzeGNqQ1pvb25HM0hMX1ptRTlIUm5qN2RPYw?oc=5,3.0,3.0,3.0,other,,,2,Germany,0.2,0.27,43,False,,
2026-06-08T02:25:15.013388+00:00,am,2026-06-07T20:25:21+00:00,Kansas City Magazine,U.S. Soccer and Charlie Hustle Launch World Cup Collection,https://news.google.com/rss/articles/CBMijAFBVV95cUxNeU55RTEycHFZX180UVJMZjdrRktUdFh3Q3QyRDNIRFV0cGUzZTFraHQtb1lLOFFVYUUySnBRQ285REtOQkNoSEFucDN3b2tUdnpCLVVYWEpxOFBSZXM3ZTRhX1JwV0RlTTJ0bUFMSS1HM3NYcVBoVGVYUU9wUmFUSDZSUmtyaGxSNVYycQ?oc=5,3.0,3.0,3.0,other,3,,,,0.1,0.24,44,False,,
2026-06-08T02:25:15.013388+00:00,am,2026-06-08T01:47:44+00:00,CBS News,AHF launches World Cup-themed condom billboard campaign ahead of FIFA 2026,https://news.google.com/rss/articles/CBMisgFBVV95cUxNcnplRTd2cG1oeHBSZkg5TDFDQjE5U3lhOFZVUXVYUDJaTkVkYm0tUENhOXFhZ1JBUUFuSTlCeHFDUENKbUdTVnBkNVczTjBXemY2U3UwTjA2OERmWTFVcjVpU0hPV293N05TWFJKaWdtQmJIZlI5X3M1MzloOEIxZlZ3UWpkdTdWU1NFYi1MU0ExRDd4MG5LSWxoOXg1R3NjY1JCNVVYMFAyeDNzdUZidzl3?oc=5,3.0,3.0,3.0,other,,,,,0.0,0.21,45,False,,
2026-06-08T02:25:15.013388+00:00,am,2026-06-07T21:51:51+00:00,Yahoo,McDonald's Celebrates 2026 FIFA World Cup With Limited-Time Meals,https://news.google.com/rss/articles/CBMinAFBVV95cUxPXzk4TXdxbm1qMHRNSFhkRmtKYU9OT2UzMHRCZTR1SEJmUVJhUzJEZkp4YXY3VlN0X1lZM3VWY05xTDhjN3Itbk5USE12LXN3clZLWm9yb3NsYWRoWlFCeEhaYTFOaktmbms2UHo4WHNUbDY1RkZJOW80SXRDNkZmU0xJMFRwR1JZS1l0ZzlkdGFXTUw4bWpZcEhXalU?oc=5,3.0,3.0,3.0,other,,,,,0.0,0.21,46,False,,
2026-06-08T02:25:15.013388+00:00,am,2026-06-07T19:35:22+00:00,FOX 2 Detroit,Where to watch 2026 FIFA World Cup matches in Detroit,https://news.google.com/rss/articles/CBMiiwFBVV95cUxPMEs3Y2xYUTBydGRUeS0zRUhuZ1hvT0FHWXpfM2tza1VsdE9zYUpLQVM2UXNlQ1RFNFBITTlidDdBYm1JRnZmbzI0SUxLak85QTVuZjEyaUNJUkl3NlZZSVp4b1FfWEJ0YXpqbVlzT1VQM0xral85cDQ5UzNEejRpdmlfRFRwQ3ltWEpR0gGQAUFVX3lxTE9XQVNfWjJKSUE3ZjlOeloxY095Yjhjcy1vRUNKQmZsN091M2hxRURuVWdfU1BqYTk5eXF5U2NQMC1nR0loOUYzZFZQbkNpdDU0WFRkd1h4bUFlQ1p4RGhyRU1mSDVtNzcxeXVGQVlwQl9vazFUdjN5OURHQzBkc1Z1MjNlemdSaFpkR0JvVUJ3cg?oc=5,3.0,3.0,3.0,other,,,,,0.0,0.21,47,False,,
2026-06-08T04:34:04.273004+00:00,am,2026-06-07T17:30:00+00:00,Sports Illustrated,Brazil Confirms Major Change to 2026 World Cup Roster That Will Interest Man Utd Fans,https://news.google.com/rss/articles/CBMinwFBVV95cUxQQUFnMXVQUWgtcjlRLVk4eVNQV0E0Y3c0bGxJSUFQX2xiOFozWEJISWV2bEN1WHZhNGE5THk1VlVUVXFjeGJpM3BmRjZjQjJ5aVZ3YkxDWW81M3psZFdlelhxc2NkX2steDQ2dzg0Sy0zSnFsX2VqZGw3a05JWmd2azJJZXNka0JpY2FGZXRjQWQtZ2RDc2tkNHVNUkFJUm8?oc=5,9.0,9.0,9.0,breaking_news,3,1,1,"Man Utd, Brazil",0.8,0.87,1,True,"Brazil thay đổi lớn đội hình World Cup 2026, fan Man Utd chú ý",Đội tuyển Brazil vừa xác nhận một sự thay đổi quan trọng trong danh sách cầu thủ tham dự World Cup 2026. Thông tin này được dự đoán sẽ thu hút sự quan tâm đặc biệt từ người hâm mộ Manchester United.
2026-06-08T04:34:04.273004+00:00,am,2026-06-07T17:45:00+00:00,ESPN,Man United transfer target Éderson called up to Brazil World Cup squad,https://news.google.com/rss/articles/CBMiqAFBVV95cUxQM3lfWUI1d2kyNzA3RVUtbFNLLVctekhtSmVXU2VEV3BIRjBkNkFTQk9nam1nVzM1U2YzcmFFUWhUM1YzMS15bkdGNnVDRVhUeEhaOFZRNG5OZE44RmkyNXRYWWFCRG0xdXkzQmZJMndZWFhJX0d2ekQ2U2JYWnVEbzExQlF2a2Zsc0pxYTUtbEFiTlVPNTRMMzlvVWxXRnJ3NXZhYjZ4MEM?oc=5,9.0,9.0,9.0,breaking_news,2,1,2,Brazil,0.65,0.825,2,True,"Mục tiêu của Man Utd, Éderson, được gọi lên tuyển Brazil dự World Cup","Éderson, cầu thủ đang nằm trong tầm ngắm chuyển nhượng của Manchester United, đã chính thức được triệu tập vào đội hình đội tuyển Brazil. Anh sẽ tham dự kỳ World Cup sắp tới cùng ""Selecao""."
2026-06-08T04:34:04.273004+00:00,am,2026-06-07T16:55:11+00:00,BBC,World Cup 2026: The evolution of Argentina's Lionel Messi,https://news.google.com/rss/articles/CBMiZ0FVX3lxTE9iaVhIejlJaGZIcjA0ei1pMDdmM1h3WFo1WS1ZTHRWZGRjVk9jU0puTm1SUWpobERsX1F2WW9nUDBfNlRNRk5zam5FeWlHTS1GazhzaHZxeXFvdjhzaWZNWkF2aXQ4d0U?oc=5,7.0,10.0,8.2,feature,1,3,1,"Messi, Argentina",0.8,0.814,3,True,"World Cup 2026: Sự ""tiến hóa"" của Lionel Messi tại Argentina",Kỳ World Cup 2026 sẽ chứng kiến sự phát triển và thay đổi của siêu sao Lionel Messi trong màu áo đội tuyển Argentina. BBC đã có bài viết phân tích về hành trình này của anh.
2026-06-08T04:34:04.273004+00:00,am,2026-06-07T20:15:00+00:00,Yahoo Sports,Official: Ederson replaces injured Roma defender Wesley in Brazil World Cup squad,https://news.google.com/rss/articles/CBMikAFBVV95cUxQT0tVRHZLYnNJSG05UlpMVmV0UDNIRFZ0b3AwMnQweUxVTWtFemkxeGUxRzFDdWhDVDlXdWIwQ0pDdlpPVkJqek1JcFAxZGZFVWxvS2JPTnpmRmU1TVlSaEwzTUlmZmdfTkVHalpNc0MweHVpOEhsUDZCeUJPWFBXQm13OWJZclpURzlJNzZ6bTk?oc=5,9.0,9.0,9.0,breaking_news,3,1,2,Brazil,0.6,0.81,4,True,Chính thức: Ederson thay thế Wesley chấn thương trong đội hình Brazil,"Liên đoàn bóng đá Brazil đã chính thức xác nhận việc Ederson sẽ thay thế hậu vệ Wesley của Roma. Wesley không thể tham dự World Cup do chấn thương, mở ra cơ hội cho Ederson."
2026-06-08T04:34:04.273004+00:00,am,2026-06-07T19:24:00+00:00,FOX Sports,"Brazil Right Back Wesley To Miss World Cup To Injury, Éderson Named Replacement",https://news.google.com/rss/articles/CBMi1AFBVV95cUxNYkxaYUplVU9tSzJPb1JPQmk0Vm1jT1g3a180Y1dleWdiM1NxNGoyYkpiSTMyUmFDTmo2c0V4VkFzcjMtN1l0Q2xfMk92ZnVRWW8zM3BQdGhFaDhXaFJJZ3MxeXh6U3gtVXdwYXZCaHd6aC10Y0JhMXZrREdHYkQ4RXZ5YUxvV1FHOTJuaG5kOXBQcjJnakRCaFRPMFN0MkxuYThERTFkNU1iSkRmaWt0NXBpSy0xUmdqanc3SDF1aHNnSnI5RFNBeFJ3NEc3ZEtXWXdKYw?oc=5,9.0,9.0,9.0,breaking_news,3,1,2,Brazil,0.6,0.81,5,True,"Hậu vệ phải Wesley của Brazil lỡ World Cup vì chấn thương, Éderson được triệu tập","Hậu vệ phải Wesley của đội tuyển Brazil sẽ không thể góp mặt tại World Cup do chấn thương. Thay thế anh trong danh sách là Éderson, theo thông báo từ FOX Sports."
2026-06-08T04:34:04.273004+00:00,am,2026-06-07T16:56:11+00:00,The New York Times,Brazil call-up Atalanta’s Ederson to World Cup squad following Wesley injury - The Athletic,https://news.google.com/rss/articles/CBMiiwFBVV95cUxPbWJObTRmemtYV3RxblJ2N2JFVk5GQmhoM0FrZnUyMVN0TE1DQ29ZYU02UVBlV3JQbjNON1pYazBZU090U2VZbFA1VHNUVTJ1TnhRXzVoSnRaWHdXNFlQLTlwYUVUbU5Pd0l0TmhVY0c4M3o5am5uaXMyZ2VtT2tUYmh5NGZfMGVVa1FZ?oc=5,9.0,9.0,9.0,breaking_news,,1,2,Brazil,0.5,0.78,6,True,Brazil triệu tập Ederson của Atalanta sau chấn thương của Wesley,Đội tuyển Brazil đã quyết định triệu tập cầu thủ Ederson từ câu lạc bộ Atalanta vào đội hình dự World Cup. Quyết định này được đưa ra sau khi Wesley gặp phải chấn thương.
2026-06-08T04:34:04.273004+00:00,am,2026-06-07T16:54:00+00:00,Yahoo Sports,"World Cup 2026, Group H, Spain face a tough start 🇪🇸🇺🇾🇸🇦🇨🇻",https://news.google.com/rss/articles/CBMie0FVX3lxTE9sN3NIYzY5c0pGd3AwVDI0T3dHM25mejNGcGY3alRxb3gtLXRIS2E3cWlHcDI4RjdpeWNzUFRCOEVaVHhWaWdwS1dSVFRwUEpEWTV4Y3VqNXdkdHBSYUtmOHBBcmdMSGEyTWJOQTVLd25wVENnMlVMSW9FOA?oc=5,8.0,9.0,8.4,analysis,3,2,2,Spain,0.45,0.723,7,True,World Cup 2026: Tây Ban Nha đối mặt khởi đầu khó khăn tại bảng H,"Đội tuyển Tây Ban Nha được dự báo sẽ có khởi đầu đầy thử thách tại bảng H của World Cup 2026. Họ sẽ đối đầu với Uruguay, Ả Rập Xê Út và Cape Verde trong giai đoạn vòng bảng."
2026-06-08T04:34:04.273004+00:00,am,2026-06-07T19:16:42+00:00,GhanaSoccernet,World Cup 2026: Shooting near England's base raises security concerns ahead of Ghana clash,https://news.google.com/rss/articles/CBMitgFBVV95cUxOdnlOTzNWU2k1bVBmZHpEeTdYS3BLUTFQeV9vZy1EelBOYlNIanJpSlozQUx0OUJRamZyd21tclNjNm50UFBXLW5GS0dlUjV1Q3hIWm1XUkVhXzItdGNYVjZaa0VHS0tZaUY4UksxS3Y0VDktMUFrQjFuYWgxOGZGemF5a0FUUmVwVEpDdk5McWstTF9YRWFzOGdXVmRJQmNEbG1QdGgzT09MZlktNU9hbGExYjdtdw?oc=5,8.0,7.0,7.6,breaking_news,3,1,2,England,0.6,0.712,8,True,World Cup 2026: Vụ nổ súng gần đại bản doanh Anh gây lo ngại an ninh,"Một vụ nổ súng xảy ra gần nơi đóng quân của đội tuyển Anh đã làm dấy lên những lo ngại về an ninh. Sự việc này diễn ra ngay trước thềm trận đấu quan trọng của ""Tam Sư"" với Ghana tại World Cup 2026."
2026-06-08T04:34:04.273004+00:00,am,2026-06-08T02:31:00+00:00,KMBC,"Algeria arrives in Kansas City ahead of FIFA World Cup 2026, joining Argentina",https://news.google.com/rss/articles/CBMihwFBVV95cUxOWGxTMGJ2eEJUX09VTkxQQU5wV2ZndjNxRk9pb1lJeXd5Wm1BU1BvbWNRR0dyNHJtcWdaczIxUEtCQWR3czRQd3h2NlhmT3EwaThhMzZUM0M0NktISm9oMHRCd0lsMHdCLUpyUUp5Z1Jzd1Q1ZmZpa0U3OVNBbm5NYy1mV253Nm8?oc=5,8.0,8.0,8.0,breaking_news,,1,2,Argentina,0.5,0.71,9,True,"Algeria đến Kansas City chuẩn bị World Cup 2026, hội quân cùng Argentina",Đội tuyển Algeria đã có mặt tại Kansas City để chuẩn bị cho FIFA World Cup 2026. Họ sẽ hội quân cùng đội tuyển Argentina tại địa điểm này.
2026-06-08T04:34:04.273004+00:00,am,2026-06-08T03:10:00+00:00,Yahoo Sports Canada,"Iran’s football team granted visas for World Cup 2026, US officials confirm",https://news.google.com/rss/articles/CBMihwFBVV95cUxOT2ZvVkdwVGJYaXF0a2FFRkdBd3dWNHFpMkZldm16dE13NGxKQThxYVRXZVh3SEpUMDJWZldKNjYwYTJVTlpiM1RXT293V2lSSmhhX3lVSkpfNXpLMjE2ZTR0ZkJhU2dpeXVHYkF5V1FuY0FKcHpXYjJSY0owTWpjWHpJLXgtemM?oc=5,8.0,9.0,8.4,breaking_news,3,1,,,0.4,0.708,10,True,Đội tuyển Iran được cấp visa dự World Cup 2026,Các quan chức Mỹ đã xác nhận rằng đội tuyển bóng đá Iran đã được cấp thị thực. Điều này cho phép họ tham dự vòng chung kết World Cup 2026.
2026-06-08T04:34:04.273004+00:00,am,2026-06-07T18:11:40+00:00,FOX Sports,"Group I Preview: France, Senegal, Iraq, Norway",https://news.google.com/rss/articles/CBMiYkFVX3lxTE1tTWMzWjVzZjdSUk9tR0xSVUo1R2dERUdsNmVKYXhqV19CLV9wVXJ6MHg4YkhmRWw3TEJzSVJGWTljSU0tclotQktTRExfemJ5TnpIV0htd280N29YMjVKbjhn?oc=5,8.0,9.0,8.4,preview,3,3,2,France,0.4,0.708,11,False,,
2026-06-08T04:34:04.273004+00:00,am,2026-06-07T17:12:00+00:00,sportingnews.com,World Cup injuries to know: Every star player out or at risk of missing 2026 FIFA finals,https://news.google.com/rss/articles/CBMiwgFBVV95cUxPX2FuTUtFZ2ExalVuRk9NbGprRE82R3ZmeENPU3h1UUZqNU9FU2JkR0hUSl9WU0VJTlRKT0w4RWZLS0w0ZjNMWC04Vm5WYldraDdlckZUZUJDcVRsa08wWkw2bFM3cEhCUXFabzdGak1Bel9TMml3MFNEeDBIMnp2NXF2Z0NRN3BFTjV5SUczMzAzcHhuaTZTcGtOd3ZXZjlSV1d6ekhkcnRuNFBoMHFQMDRBMTZ2bjl3U1o4SnhDRkVDZw?oc=5,9.0,9.0,9.0,analysis,3,2,,,0.25,0.705,12,False,,
2026-06-08T04:34:04.273004+00:00,am,2026-06-08T02:40:00+00:00,WILX,"2026 World Cup TV schedule: Kickoff times, channels for every group stage game",https://news.google.com/rss/articles/CBMiqAFBVV95cUxQLUk2dnB2b3djSmEwbVFRLU94ckw2amZjR3NXYmlTVWtQUmFldGV2XzY3blc4cUQ1ZlVqR1I2dlNvM2o3WnQ4VmtpeE5yUkpDS1ZEeURvX3BOVHZkZnk1UGxJam9lSk52cW4yNEJZVVdLa0xvcVBTaUoxY0RwcDU1LTFPb2M4ZXAteGNQaFB1MjhURDVFNEx3elpiYUsxUUNvb0JLUlVONnrSAbwBQVVfeXFMT0lUWVFTZmllWGhaV3EyanlSdjhKcG83MV9DeFJyY1g1ZHhMdF8xQnlYLXhJNnljc2ZCckQyRV9GSXBZRW9EWmVLdXZHc3gyQVoyOVcyT3hPdm5hTmtTNkkwQnFvR2N1dUpsclprb1pKTGF4TUI2WlBUb1FjRWJFczNvaENSSlVQMV9nSVdIQ1F2aEdRMi1vM3NzX214QWx0TVg3aXZDa2F5Z1pqWHJrZkhvYWJJVEhYQ1dHal8?oc=5,9.0,10.0,9.4,other,,,3,"schedule, group stage",0.1333,0.698,13,False,,
2026-06-08T04:34:04.273004+00:00,am,2026-06-08T00:19:00+00:00,AP News,"World Cup by the numbers: 104 matches, 48 teams and 3 countries make this the largest ever",https://news.google.com/rss/articles/CBMigwFBVV95cUxPR1VWQXVhYUZXVkR3VWo1bUZqLWFZZzJKTGNaM19PUVVxRnJPWmo3Zmd2T3ExbFJMSkZIMHlfRDRMNFc1OUxJN0k3NGZUZFhlUGhJMzZpM2c3aHR4MG9lNnB2NUVqbXNjRjBuMnFqa2pELW5HcENESUVWZVJkVFB4c3k4Yw?oc=5,8.0,8.0,8.0,feature,1,3,,,0.4,0.68,14,False,,
2026-06-08T04:34:04.273004+00:00,am,2026-06-07T17:48:46+00:00,Los Angeles Times,Iran’s soccer team arrives in Mexico for training ahead of World Cup matches in L.A.,https://news.google.com/rss/articles/CBMi0AFBVV95cUxPMDdIZkk5eENfdkxUZUt6UHFTMk1NUzBObGFVRkViTy03X3pONWdQSUJ5bzNoYWhYa3prczgzd1VPZWRNVzhkel9XcWpUSUMzLXFINzlVQ0w0Z0NBRFU0UHg5dzBEMjJzNU9aektpa3JVcTFGdTFGU2hvbjBmQUo3bzU2aUtRNEFDWGtZSWUybWxVaHk3UUZSQVZwMm9NeFRjSURaTWhJOWhmcHVTc2RxVkZ2ZnoxaTM5RGZRaXlmQUo2cEFOQU85aDNpSDdJeWFI?oc=5,8.0,9.0,8.4,breaking_news,,1,,,0.3,0.678,15,False,,
2026-06-08T04:34:04.273004+00:00,am,2026-06-07T17:29:08+00:00,NBC Los Angeles,Iran's soccer team arrives in Mexico for training ahead of the World Cup,https://news.google.com/rss/articles/CBMilgFBVV95cUxOWWJvTzlPcUVWcjJJMGI1cmRMWHd6QjlkRUhMYjFIbnlvZUdyWktEd3BTdlRGaFJDSlFkXy01dlNjbjh0cEY4MklvR3BuZTR3N1VfU2x4cFl6WEs4dElmbkd4MS10M3VJTlJkNFF1elFlUGZEclhTaFhUUl91VnZCaFRPSy0tX2VLRWZoeXI4MkpSQ0UzQWfSAZ4BQVVfeXFMT0t3SUF3Z1VqQlowcHg5SHJIUFc1UFdvLXlUYnBzWTJSRnBaTEtHY3JXSXJFRHN1UXpkWEJUc2ZlbEZXQVZtVFFZU3BZOXhmQ1RwT0F4d0tXYTJQR0ZwYmRLY0xQMTRSV01ZSTZVNG5rd2dSZHBEaDB0VEN5UWRoUUs0SUp5OHJOX0hNcjR4QlNMNjc2SGR2a0pYaWRhTEE?oc=5,8.0,9.0,8.4,breaking_news,,1,,,0.3,0.678,16,False,,
2026-06-08T04:34:04.273004+00:00,am,2026-06-07T16:47:40+00:00,CNN,Tehran lambasts US ‘obstruction’ of Iran’s soccer team as players land in Mexico ahead of World Cup,https://news.google.com/rss/articles/CBMikwFBVV95cUxOZ0M5RDRWZUM1T2ZYalNiWUlhbjk4eFEyWl9FdkpwRGJMclkxME5lSFRtUVB5a2cwdjRvRjhHdk44QUwwN3R5dUl4Q3p3bzBGOUxOb2JqWllOdzNtUEVQbnNwTEc4NERBa2dXek0wNm5FWWxyVjd5M0FRTWxVVG1VQ1FSdzB2eFh1Y2ZHNHdKS1Q4RVk?oc=5,8.0,9.0,8.4,breaking_news,,1,,,0.3,0.678,17,False,,
2026-06-08T04:34:04.273004+00:00,am,2026-06-08T03:26:58+00:00,The National,"Full 2026 World Cup group analysis: Star players, coaches and all you need to know",https://news.google.com/rss/articles/CBMi1gFBVV95cUxQcUQ2NUx5U184c0FKTERQUXJBTU1kLWRhTHRVNEFvOEppR25Jd2s2MTVnN2VFMFRuMUxFUVZTcmJ1S01BUHdOZWlGY2tsWlFDd1Iya0dWQmoycl9scUYyQ2JsZ1FWTlIxNW9yTDZHSXJCZmRaX0l6OTNXLTRzV2MwTnJXX1ZQNWxnLVUwQ0YyQkxXRWhvOWlTdFp6WnJpTF9KV2NtVnRDWmJNUC1FZzhfalRyTFpZREhrb2JRWjluUEhsdUFYb1hla3JTLXVyUWZqdExzOTRR?oc=5,9.0,9.0,9.0,analysis,,2,,,0.15,0.675,18,False,,
2026-06-08T04:34:04.273004+00:00,am,2026-06-08T02:31:44+00:00,Sky Sports,"World Cup 2026 news and live updates - USA, Canada and Mexico build-up plus latest on Trump, tickets and fans",https://news.google.com/rss/articles/CBMi-AFBVV95cUxOay1vMlA4d3VvMTlLUVl3b1ZUXzJLWFVaY1JxZ1hxMVI4VlJoRGEyZEd6aFVxM2EzYjlsdDdYX3JaYWJrSTFsQlUxckJadzN0ck9od01McEFheUJJVmMtXzZRQUZwTkU3Q2pvbXNfelp0ak1UVWlqOWtXNGl3azR4MVkyMXZUZ01STFlqQ3VfS3FWN3NIVHhhY05YdFo5QVptcjgzNEFUb2VLeUNBYnl4YjNPWDFIQmtzaXdTcVFqaGFEVExOSURhd19ab1BrNGxBV2lIZlZuajdwS1dZcE0zaVBwMHBnSXZ2X0dsTEdzcjBDQUV6TWtiZg?oc=5,8.0,8.0,8.0,roundup,2,3,3,ticket,0.3833,0.675,19,False,,
2026-06-08T04:34:04.273004+00:00,am,2026-06-07T18:01:00+00:00,The New York Times,A team-by-team guide to the 2026 World Cup: What to expect and who to watch,https://news.google.com/rss/articles/CBMihgFBVV95cUxNb1QtZzRMdnZFYmhna1ZVdWF0WFFtY0htalV3ODEzaUJHbWVtS1hpUGNRRllpeW9yQ2N1aFlRaGFQcnRUVTUzV1F3ajVyRWlRV0pZUVlDRmFnX0hwNkVjcEQ0VWpkczVHVUlBZDB2MkNzS0JlMnJ6WVREQWdJek1rNFJpUUlEZw?oc=5,9.0,9.0,9.0,analysis,,2,,,0.15,0.675,20,False,,
2026-06-08T04:34:04.273004+00:00,am,2026-06-08T03:27:42+00:00,CNA,World Cup 2026: Five big questions as football's biggest tournament kicks off,https://news.google.com/rss/articles/CBMinAFBVV95cUxNcWZWTjY0eTMyREJTem9EcGV4TERWSkMwQzhmNXZ6TlFoOFlqd1hEaFEwTWM1R01VcndkdEs3UnlhNmZSRjYzZl9hNTl0dEFHaWxPLWVwdEQ3UEt4cVE0a18yUl9kQTVkQjRPTjdrejJjMzRrWUYybXpDMG1mMkVSNGdTM1hLU3V4TURsRllnTVp0VFBoa3VnM1dWYS0?oc=5,9.0,9.0,9.0,preview,,3,,,0.1,0.66,21,False,,
2026-06-08T04:34:04.273004+00:00,am,2026-06-07T19:07:31+00:00,Latin Times,"See Argentina's First Stage Match Schedule for the '26 World Cup Against Algeria, Austria and Jordan",https://news.google.com/rss/articles/CBMivwFBVV95cUxOM3JHLWFpMVQ3Q203WXJvVUpIT3E5YmlNQzRaMGRqQWZQNlZtcllBc1hsRE9CbDlqSGJrSUJNNEg2MmJJam1VNWstUVl6VDBlT3R5cGZNME9KWkJKZmwwWERORXNwa05TX3d2YlRUejBfVENKcUFhbW5yTlp3cVlrRVZJN3QtdExueElzR1UzSDRDckpBZ0hxcU82T0RMRVd2OUVxZThUTm0yRHpFcUphZzFZZjRhZFZyTE1YSl94cw?oc=5,8.0,9.0,8.4,other,,,2,"Argentina, schedule",0.2,0.648,22,False,,
2026-06-08T04:34:04.273004+00:00,am,2026-06-07T18:39:10+00:00,NDTV Sports,How To Watch The 2026 FIFA World Cup On Your Mobile Phone: Every App And Streaming Option Explained,https://news.google.com/rss/articles/CBMi1gFBVV95cUxOLUxES0hYTTRGRXJ5RVN1T0FJV0lVeUhRM2RuUFR0YjBIUFFoVFlRYU84VGpXX1hKclBDVXNjMjlzb1JmMGZuVmxPdkkzZ1RjWEVXclg2TUx6YTVhZ2FlUjk3RTEwNkZOYk9FdnhGLVFpOWlwWk5YWjRzMUpPNDJqSXFCMlhTRHd2TzNqN05ZRk0xVDVHRXV0QXZad3BBSU40U1hRNW00ZFhqZDg3eElQSDI0NFlFTllXQXJIbUt0amoxZ2s2UDRJSXVoWGdoOENLLVhPQ2FR?oc=5,8.0,10.0,8.8,other,3,,,,0.1,0.646,23,False,,
2026-06-08T04:34:04.273004+00:00,am,2026-06-07T19:18:11+00:00,ALLABOUTFPL,FIFA World Cup 2026 - Predicted Line Ups of All 48 Teams,https://news.google.com/rss/articles/CBMikAFBVV95cUxNdG5HZDBZa0pwVjdrYkk1N2tXZnVlSHFULTNUb253SkRTM3hDcVk4aU85U1FWRC1jQ2pPZTJ5ZjFreEo5Tko4V3huaVRNbjBiZkxfMXBtSEZaQS1vVFpBVVJBLWY4b214aUVaaDZWRWlJWVZqbjdOZDRkSUF1UE4xS0N2Y0xHWTRxb0hyTVJsYmY?oc=5,8.0,9.0,8.4,analysis,,2,,,0.15,0.633,24,False,,
2026-06-08T04:34:04.273004+00:00,am,2026-06-08T03:36:48+00:00,KSHB 41 Kansas City,Algeria becomes 2nd team to arrive in Kansas City for FIFA World Cup 2026,https://news.google.com/rss/articles/CBMisAFBVV95cUxOR1FUVmN6RmF4VkRoSGFrTHZKMFJpRGhua2kxbXhEMlo1Rnh6bkZVblBnYVVkNUtIRnFVM28zRnpVRU1XRXpoZHZfTXdxSElqU24tZVpub1V1cWhfSDRLNHI1eWJYenNLLXF4em50NWx0eXhxNGx6bFdFb25pMmwzUVFZeDlaMExLbmktYUcwS0s1N1hrbDJVVnctcVRtS0Z4aEtodllhOXFKSEZzWUVEUw?oc=5,8.0,6.0,7.2,breaking_news,3,1,,,0.4,0.624,25,False,,
2026-06-08T04:34:04.273004+00:00,am,2026-06-08T03:45:00+00:00,Yahoo News Canada,RAW VIDEO: Algeria national team arrives in Kansas City for the 2026 FIFA World Cup,https://news.google.com/rss/articles/CBMifEFVX3lxTE54LUpHNlUyUGNxbTQwTFJCT201THNIbmNSNWh6Z2kyaXd6Sy1xaGZFWXE3WC1TOUQzRzZOTXJHOXlUU1Q4Z0x5RE9ld2FZeDg5cTZ6a2ktTmJmcnY2RF9xV1NvZGk0eXV4aHdxeHdIQkFoV1Frb19FTnJKUVk?oc=5,8.0,6.0,7.2,breaking_news,,1,,,0.3,0.594,26,False,,
2026-06-08T04:34:04.273004+00:00,am,2026-06-07T19:43:58+00:00,TheHardTackle.com,Five centre-backs to watch in FIFA World Cup 2026,https://news.google.com/rss/articles/CBMijAFBVV95cUxNalkxWHNfVG8xU1RLUmoyQTRwbm5PYlUwRDZUZDFXZUFIRFRrcUtoYVhTZjZ0TlotV2RJMTVoaUdOZG41eHFDTVhQUS1fWnlHVWI2Vkt2d2VCUkNua1NxalQtUWpOX2hCYXB4SkJpcVVSN1hFR3FqVjBhb1FRMGFvWkpOb0NSd2Q2RkpTQQ?oc=5,7.0,8.0,7.4,analysis,,2,,,0.15,0.563,27,False,,
2026-06-08T04:34:04.273004+00:00,am,2026-06-08T04:15:08+00:00,The New York Times,Our writers’ World Cup 2026 predictions: Winners? Breakthrough player? Best host nation? Shocks?,https://news.google.com/rss/articles/CBMingFBVV95cUxOeDViNVdTMl9BT0lLRjdXTm1QSV9pTUg0dnBRTHA4X1g1R1NYeEFWeHQwdl9nSC1md2tjVURFWHI0cC1Cc3haa2NJcWQxb1k1YVYxUlJjN2RlM1RvalltU3hoOURnTzBXVzhyT05UdTV3UDdvREkzQnplMGVVd2hyTlJUYzV3dURheWlwRl9BSHBreGFEajJBRkhKNGFQdw?oc=5,7.0,8.0,7.4,preview,,3,,,0.1,0.548,28,False,,
2026-06-08T04:34:04.273004+00:00,am,2026-06-07T17:00:00+00:00,The Jerusalem Post,World Cup 2026: Why millions of Iranians refuse to cheer for the regime’s team - opinion,https://news.google.com/rss/articles/CBMiV0FVX3lxTE5ETTVlbDdlQmtfc1ZNc1ZtZFVkcnJTdW5EaGhvTXVQY3hveThvdTU4QWVKSFZicDJkX0dIVHZaS0JxWnctWkwwdkp0SFZfQ0RObW0yNW02VQ?oc=5,7.0,8.0,7.4,feature,,3,,,0.1,0.548,29,False,,
2026-06-08T04:34:04.273004+00:00,am,2026-06-07T19:34:44+00:00,KSHB 41 Kansas City,Meeting Messi: Olathe boy who survived cancer meets Argentina's soccer team,https://news.google.com/rss/articles/CBMisAFBVV95cUxNQXFTNDRhbGNNQ1ZSbnpVQWxTMHJIcWtQSWIwdk85ZkJfNTlUU09odUhfQkg2SjFfdFBpd0JSVW9DVURIRXcwRVlVZEtUZll1YkpVREdUU3Z0aktBTW9YUDBfcGk4ZEI2cGxhWjR3aE5UbDBaU3J2akpobURWNDdYN3BYSXkxZ1R2eFZDQno4cnNVTEg0Wk8yYzBadndxQllTN2xkNTgwQnVteVoxaEV2Nw?oc=5,4.0,7.0,5.2,feature,3,3,1,"Messi, Argentina",0.6,0.544,30,False,,
2026-06-08T04:34:04.273004+00:00,am,2026-06-07T19:10:20+00:00,miningjournal.net,Mexico City altitude challenge for World Cup teams,https://news.google.com/rss/articles/CBMinwFBVV95cUxQZkVoc196dEY3a0RPT1VvTUJoZlpZOXdiMkVaMnZwWkpFZnVtYVRXTTYzVTNGQUV0Q2NqNlByYnJaM0drUWNybF9PU1JjeFQ2T1hsTXk2UUQ1c1Mzd1ZhZC14LW43TDB0YVlsbHFwVjBXeldScnR0MV81MTFlLUpTdEVWTWxrRjNyOURzYkpFTjZ0UDFQSGF0X3lYVGZ3WlE?oc=5,7.0,7.0,7.0,analysis,,2,,,0.15,0.535,31,False,,
2026-06-08T04:34:04.273004+00:00,am,2026-06-08T04:01:00+00:00,The Daily Upside,"World Cup Offers Record Windfall for FIFA, Dubious Payoffs for Host Cities",https://news.google.com/rss/articles/CBMi0AFBVV95cUxQT2ViX3FSMjFfdVdiTkExM1hUaVpqeF9oTUMxSjdwODYtOXpXT1ZVbTZqSmtOS3VfTjdRUmNrbzE1eTUzd0F1QXNFdW8tRm5EUVU5VXRoT2FMN0tfSUwxSmhJSGwwcHJabHFsVUQ4bHh2WVBseURVYk1XZUtiZlhwdFlDZE1HeFhXbFlpeDFiN0pobll4Uk9hZms0UnFTb19WVzg5cG9zaVFOQ0FnS2Jaa0hpRS1ya19jVncyUHNLRFdYZDh3XzlHZG9lLVlJeTRs?oc=5,7.0,6.0,6.6,analysis,,2,,,0.15,0.507,32,False,,
2026-06-08T04:34:04.273004+00:00,am,2026-06-07T17:10:52+00:00,Sports Business Journal,Toronto expects to generate revenue after World Cup ticket purchase,https://news.google.com/rss/articles/CBMixAFBVV95cUxQc2Ntb1BMYzRVM1I2c3lrVHpqZlVDb0Y1cHdTMUV0a2N1cldWSzBYUFBza3czU1VkeWI2QXlfYzItTnEwWVNjSGlpazE4elMxQ25rVVZMRm5pYTlVbXQ5Ml9wM0lEcTRsMGVncVg5bjdCa29aUGlrYnJYUFdKYzM4WEtXNllxWERuTldjVFFKdDhqaXZDVng5MHNEd0cyWVJOWVNDV216NnhlbDYwMXp0VU0wQ2RhS3BCeUYzZjZoRElYXzVC?oc=5,6.0,5.0,5.6,analysis,3,2,3,ticket,0.3833,0.507,33,False,,
2026-06-08T04:34:04.273004+00:00,am,2026-06-07T16:26:58+00:00,The New York Times,Turkey’s Vincenzo Montella says ‘no excuses’ if team fail to shine in USMNT’s World Cup group,https://news.google.com/rss/articles/CBMinwFBVV95cUxQTXB1Z2dHMmVWakp3cVllUWZsbzF0dVVRcEk4b0U5US12Ri1VZFlQWm81QWxnalFqVGRiRjF2cHY2NFpkakljMnFfUWZnYk9mQVM2OTh2T0hBMTNKeFcxQWZTQ2pWOFFUdkRYUFV2QVgzbGEzYzRUY1hYaXU1ZWpkRjdwYjVaR1BGNFFkcGpxeXZScDJBZG85d2NUNHY2TG8?oc=5,7.0,6.0,6.6,interview,,2,,,0.15,0.507,34,False,,
2026-06-08T04:34:04.273004+00:00,am,2026-06-07T19:00:00+00:00,New York Post,"Colombia vs. Jordan prediction, odds: Best bet for Sunday’s World Cup friendly",https://news.google.com/rss/articles/CBMiswFBVV95cUxOWW9ydUlzaXA0SFd4Y2lZSVRYazFMcGNsa1hXUU1VZUJMWWZfSzNiSGEtQjVDTFk4U3Jvc0dUSjlVR0U4R3hMTldEQjBzbkl0UUhucFlXQmM2eU9VTnQxekQ2ZVJCaGlrVUZ4NWJONkkxbFpyLWNENlhLb1ZQTHkxSmc2R3hXc1RfQmFzWGJySXNVRl9kY1hMd294WHRTOE4xSmtENEU4NnlDeWpOOHh1RTViQQ?oc=5,6.0,7.0,6.4,preview,,3,,,0.1,0.478,35,False,,
2026-06-08T04:34:04.273004+00:00,am,2026-06-08T02:12:17+00:00,bolavip.com,What 2026 World Cup games will be played in New York?,https://news.google.com/rss/articles/CBMijgFBVV95cUxORm5jOFJ5Zmk0SFFXYVhLZ0ZPaU00c0hDR0xacmNiV2pvTjNna3hCU1dnMWh1WDQyUXdLYzhaYWVCNDk1TGhENDBOeGY0Wlh5UmM3Q0pHOEtoR21ORnRWeFB4SWhlSEJHRXNhLXQtRmRoNFFVeVFsVVJpQWFUdG1WdGFKVkVGQW85eUw5ZXZR0gGTAUFVX3lxTE1ia1FxRzdpZFRMcnZFQWhUbWlWTXh3Mms4QnpTekpaQ0wybU9XUkQ5cjItcEhUUnhpeVBsMGU2TTE5emZjZlNRbDhZbmxYM203S1lic2VBdDNzeTdJYWhaR3R0cFJoU0phc3VRalpFdnVoc2UxLXhCbnFrSDNmSnNIVXZUTTRTblJPSkJaUHNMM2x0bw?oc=5,7.0,6.0,6.6,other,,,,,0.0,0.462,36,False,,
2026-06-08T04:34:04.273004+00:00,am,2026-06-07T19:07:20+00:00,FOX4KC.com,When does Algeria arrive in Kansas City Sunday night for the World Cup?,https://news.google.com/rss/articles/CBMisgFBVV95cUxNM0R0c20yVzFKclMtdkYtbl9wYzl3ZURqczV6VmYwbkZzcElrQjZsVjd0cjFmRFpRZWJsazVLLWxIeXZLNFRON21MU0I4emF3TWZmdzRoQkxRN2xMR1pSdndpcFNDckJtd2xjSTVJeFh6cjZ6RkVXcDAzZWJEOTlCY3Q5Mk1md3hWZWo1cGs5UFNzTlc5OUc5cXJJTGxGQjNUcndNaUZjXzI5MmhtU0U5OHBR0gG3AUFVX3lxTE9KXzlFM2FNd0VCeG1ZcU5CMjl3UUVBNmt6aHd2Ml9UN1FPX0pHM2dWVVFnb3FTdlI1SmJOSW9kSkVuX0lPMktwRlhBQ2xWbGUxY05jM1BmQ01ocG01ekFLUEFaZHJ3SkpmZTREaU55NmktcG1BYllyZUZNRTJJNTNMRzZmYVB6SnRXLUpPOVJkOHIyWk9PSjhOcE40cTRnb2dtekJGQmd2Yk9NeUlOLW5aV0E2dHlOWQ?oc=5,7.0,6.0,6.6,other,,,,,0.0,0.462,37,False,,
2026-06-08T04:34:04.273004+00:00,am,2026-06-08T01:02:10+00:00,FlaglerLive,Inflation and ICE Fears Threaten Miami’s Economic Benefits from World Cup,https://news.google.com/rss/articles/CBMiUEFVX3lxTE1uTGtXTzlyWmlhbzZ2cFFLUEtpU2FxaENlVE9pblpGN2FaZFZJWG9uWURrY1Y2R3VJWkp6Y2gwQzBrY2RfVVJzRTdJQ0dKbWky?oc=5,6.0,5.0,5.6,analysis,,2,,,0.15,0.437,38,False,,
2026-06-08T04:34:04.273004+00:00,am,2026-06-07T17:00:00+00:00,L.A. Taco,Will L.A. taxpayers Be On The Hook For FIFA World Cup Costs?,https://news.google.com/rss/articles/CBMiYkFVX3lxTE4yckZPcVhFTWgtV2ZiTGZKckpMdkx4RERQMnZ4a0xSV25kLVNmRkZNY18tcDM3dnlWNUJfdko0WTAtRnJOdWpXTkFFU09tNmUzSjgzZ0w3b083ak12bWRYSVFn?oc=5,6.0,5.0,5.6,analysis,,2,,,0.15,0.437,39,False,,
2026-06-08T04:34:04.273004+00:00,am,2026-06-07T16:55:52+00:00,BBC,World Cup 2026: DR Congo friendly to be played behind closed doors,https://news.google.com/rss/articles/CBMiZ0FVX3lxTE8xVXk0RVV6MThfUmlZZUdxQXAtdnprMjZMMldkVUV5Qmx3ZkhSTWI4R2hnRFZFZW1tdUk1OHF2b1BkSXV5bVNJSXZTYzRtY2ZRelBPSHlwYWZLUEw2ZzA4elpFYVU1MVU?oc=5,5.0,4.0,4.6,other,1,,,,0.3,0.412,40,False,,
2026-06-08T04:34:04.273004+00:00,am,2026-06-08T04:30:35+00:00,Help Net Security,"Cybercriminals create 19,000 FIFA-themed domains ahead of 2026 World Cup",https://news.google.com/rss/articles/CBMifEFVX3lxTE9iZlZGeXZyeFNiZVRUQUR1VWtXNG8zdmcwTG1Dbm5qajBINXp5UWlOaXpLSFRMWTBjQWJ1UjBGSzJucGJiRTRVLVVHS18tUkZ5RHVwdTctUEY0OXFaNjdKZFQ4aEEzczVrSnJHSXpXYXNIZHJNMHY1UVZCNU4?oc=5,6.0,5.0,5.6,other,,,,,0.0,0.392,41,False,,
2026-06-08T04:34:04.273004+00:00,am,2026-06-08T04:12:24+00:00,The New York Times,Spain is a complex country with many challenges. The national team offers a ‘unity that makes us stronger’,https://news.google.com/rss/articles/CBMifkFVX3lxTE5LVXNCcF9UbHR0eXBkd20xSUNCTHNLdGlfQ0ZNU0gzYWZFV3ZYdEVZTDF0amdpUFZXVTMzeWtiaERDMS04Qi1ObEx2NkxuVS1IOGFjWVFIdzNiVW5RSHhxaFRRQWt5WWpocWdMYzNvUW9rSlhZT2pQd3V6a2JyZw?oc=5,3.0,5.0,3.8,feature,,3,2,Spain,0.3,0.356,42,False,,
2026-06-08T04:34:04.273004+00:00,am,2026-06-08T04:13:45+00:00,The New York Times,The Chicago mayor who said ‘no’ to the World Cup – a dome on Soldier Field was the last straw,https://news.google.com/rss/articles/CBMimgFBVV95cUxPY21CNFQwZkZYcmVTQXNNdE1lVnFSLW1remljLXJLcm9WWDZfbUI0clZfOXYwa1gzbDRjQ3RrR2d1Y3FHM3lydzdkQm1ZTHRiQ0ZINXpDX3pURHlUWnJINDNzVEZaUnFjYm02WFktSGlLR2FWcmZYV1BpaFdGUUdTdzBYLTRlTDktbUZ1Njc3YnhDaFlqNWdCTThB?oc=5,5.0,4.0,4.6,feature,,3,,,0.1,0.352,43,False,,
2026-06-08T04:34:04.273004+00:00,am,2026-06-07T17:37:00+00:00,USA Today,Why Chicago isn't hosting any matches in the World Cup,https://news.google.com/rss/articles/CBMitAFBVV95cUxQT2pXMy1NVXV1WFFxZFZMSXlDc1hRQkx1N0pRNEFfMXowcUtGSWlVUHFvMnZJTXU3ZWh1MDFWOWU5dmlhNjFKTkpyS216OWkwblVjSVp5VGZDbjJPdEFYZ0Z2cjd0SHJ4ZjRtOWoxTTZkbUFNWWlXQWlvdGM1U3AtNmdYVU5xT1NIdVN2cUwxaDRYTjVlQ0lNOEhkbHEybFl0OTZreElmV0xTNENtYmEyU1FqZzQ?oc=5,5.0,4.0,4.6,feature,,3,,,0.1,0.352,44,False,,
2026-06-08T04:34:04.273004+00:00,am,2026-06-07T16:30:00+00:00,The News Journal,How Hotel du Pont creates 'sense of home' for Ivory Coast in World Cup,https://news.google.com/rss/articles/CBMizgFBVV95cUxPQV9VWVhzXzh6dVZJdDliVFhMdFNVejBObGdMSjZmeE80dmpDbnRrcTFLQXhCNXFzc2JfdDFPTGpOdVNLTzJRVmMzaFpnMkRpV0F2ZUdWbzNPdy1QUEc5aHJwdVluS3J4ZDh2dEgtZEJ3dXd2ZDRkVDBOdVdZM3p1NVpUMm9CMzlZVERrMXgzdFNqVDZ6bDB4QW9pMGtTU2JLVWJTVVRwSTl3emlFb1VTSFNaVUNtaW1QMjJINFNJVWgyUW1TeVFsVldZRGVHQQ?oc=5,4.0,4.0,4.0,feature,,3,,,0.1,0.31,45,False,,
2026-06-08T04:34:04.273004+00:00,am,2026-06-07T17:40:00+00:00,ESPN,Norway soccer team dresses up as Vikings before 2026 World Cup,https://news.google.com/rss/articles/CBMilwFBVV95cUxPamlJUlR3cXl5TVIzVjY0NjlXdlpaTmVNYXdRR0JJa2FydVEzRVNTTmdycjRQbV80MHIwcjYxNlFWcUZQYjBvSWt6RGhWaWd6WWkyUmM0LWtNbjlxYXVzRXE2M01oc0N0Z3JnczFmZndMVFM5dXJpTmRKUXlDUzBzZUt1SGs4dW1CWnJqZXpnQ0RIVjhndXdN?oc=5,3.0,4.0,3.4,other,2,,,,0.15,0.283,46,False,,
2026-06-08T04:34:04.273004+00:00,am,2026-06-07T21:00:00+00:00,Japan Today,‘Soccer’ is a fine term for the beautiful game – don’t let any ‘football’ snob or president tell you otherwise this World Cup,https://news.google.com/rss/articles/CBMiyAJBVV95cUxOV1N1d3hMZlBPMXNmSEpNQzVraHVNcnB0SUE5S1NVSUluY0ZXVzJmVjRDaWNkQzhDS2pNcDF6LXNQaDJQdlptejRRSXBPUExIczF1cjk3c2YydWstSmZoQ1FaeWZGUFZqZUtoc085LUJYOVpzcmU2RWRqVy1HX3JIejZ2X2ZVS2phV3MyeG5ZSGpwVE45RzRKQ3huaklMazBTaEpKNG9lc0VJclpmcVUwWE9YQ2tTLTVOcTdVZUVBZnB2SkJscTRWTFZJc2NaTEtsdHZuOEQ1a2tUUDMybHJFUEtITWZxYjZ4UDZIM1ZLczkzb2V3bV82dFZMMHRrN3dhOWxFcTROQzFQRkZfdkstaHpGQnhnb25teUhicU9GS3B5anhmLXFKZWI4S2tTSmw3VXlDUmdtSG92eFo0VXEwaXpmZ1BxQ3FX?oc=5,3.0,3.0,3.0,feature,,3,,,0.1,0.24,47,False,,
